protein_variant,am_pathogenicity,am_class
M1A,0.2415,LBen
M1C,0.2923,LBen
M1D,0.7603,LPath
M1E,0.6008,LPath
M1F,0.241,LBen
M1G,0.4262,Amb
M1H,0.6046,LPath
M1I,0.5239,Amb
M1K,0.4132,Amb
M1L,0.1892,LBen
M1N,0.5124,Amb
M1P,0.5037,Amb
M1Q,0.2735,LBen
M1R,0.4304,Amb
M1S,0.3219,LBen
M1T,0.3741,Amb
M1V,0.1179,LBen
M1W,0.6333,LPath
M1Y,0.5533,Amb
A2C,0.3524,Amb
A2D,0.229,LBen
A2E,0.2208,LBen
A2F,0.3066,LBen
A2G,0.096,LBen
A2H,0.3486,Amb
A2I,0.3698,Amb
A2K,0.3245,LBen
A2L,0.2139,LBen
A2M,0.3535,Amb
A2N,0.1676,LBen
A2P,0.1175,LBen
A2Q,0.2135,LBen
A2R,0.2996,LBen
A2S,0.083,LBen
A2T,0.1218,LBen
A2V,0.2117,LBen
A2W,0.6759,LPath
A2Y,0.3895,Amb
P3A,0.0595,LBen
P3C,0.3896,Amb
P3D,0.2391,LBen
P3E,0.2149,LBen
P3F,0.4746,Amb
P3G,0.128,LBen
P3H,0.2039,LBen
P3I,0.3699,Amb
P3K,0.2689,LBen
P3L,0.2389,LBen
P3M,0.4059,Amb
P3N,0.1897,LBen
P3Q,0.1425,LBen
P3R,0.1839,LBen
P3S,0.0796,LBen
P3T,0.0847,LBen
P3V,0.2194,LBen
P3W,0.6824,LPath
P3Y,0.4475,Amb
S4A,0.079,LBen
S4C,0.135,LBen
S4D,0.2855,LBen
S4E,0.2765,LBen
S4F,0.2698,LBen
S4G,0.0771,LBen
S4H,0.295,LBen
S4I,0.2477,LBen
S4K,0.4195,Amb
S4L,0.1874,LBen
S4M,0.3029,LBen
S4N,0.1582,LBen
S4P,0.1115,LBen
S4Q,0.2625,LBen
S4R,0.4004,Amb
S4T,0.0931,LBen
S4V,0.1762,LBen
S4W,0.406,Amb
S4Y,0.2829,LBen
R5A,0.919,LPath
R5C,0.9268,LPath
R5D,0.9813,LPath
R5E,0.9274,LPath
R5F,0.9883,LPath
R5G,0.8045,LPath
R5H,0.9272,LPath
R5I,0.9801,LPath
R5K,0.7681,LPath
R5L,0.937,LPath
R5M,0.993,LPath
R5N,0.9832,LPath
R5P,0.9262,LPath
R5Q,0.8561,LPath
R5S,0.9698,LPath
R5T,0.9669,LPath
R5V,0.9641,LPath
R5W,0.9719,LPath
R5Y,0.9823,LPath
K6A,0.4466,Amb
K6C,0.7527,LPath
K6D,0.8035,LPath
K6E,0.4885,Amb
K6F,0.8613,LPath
K6G,0.5565,Amb
K6H,0.427,Amb
K6I,0.4141,Amb
K6L,0.4859,Amb
K6M,0.4421,Amb
K6N,0.5842,LPath
K6P,0.6511,LPath
K6Q,0.1851,LBen
K6R,0.0891,LBen
K6S,0.5688,LPath
K6T,0.171,LBen
K6V,0.3572,Amb
K6W,0.916,LPath
K6Y,0.7973,LPath
F7A,0.9494,LPath
F7C,0.9223,LPath
F7D,0.9777,LPath
F7E,0.9872,LPath
F7G,0.9597,LPath
F7H,0.9383,LPath
F7I,0.8494,LPath
F7K,0.9747,LPath
F7L,0.9804,LPath
F7M,0.9464,LPath
F7N,0.9493,LPath
F7P,0.9857,LPath
F7Q,0.9748,LPath
F7R,0.942,LPath
F7S,0.9683,LPath
F7T,0.9638,LPath
F7V,0.8493,LPath
F7W,0.7558,LPath
F7Y,0.4005,Amb
F8A,0.9728,LPath
F8C,0.883,LPath
F8D,0.998,LPath
F8E,0.9983,LPath
F8G,0.9897,LPath
F8H,0.9825,LPath
F8I,0.729,LPath
F8K,0.9984,LPath
F8L,0.9695,LPath
F8M,0.9464,LPath
F8N,0.996,LPath
F8P,0.9983,LPath
F8Q,0.9958,LPath
F8R,0.9922,LPath
F8S,0.9836,LPath
F8T,0.978,LPath
F8V,0.6654,LPath
F8W,0.7523,LPath
F8Y,0.7066,LPath
V9A,0.9051,LPath
V9C,0.9458,LPath
V9D,0.9958,LPath
V9E,0.993,LPath
V9F,0.9654,LPath
V9G,0.9017,LPath
V9H,0.9975,LPath
V9I,0.3423,Amb
V9K,0.9959,LPath
V9L,0.9434,LPath
V9M,0.9907,LPath
V9N,0.9945,LPath
V9P,0.9785,LPath
V9Q,0.9907,LPath
V9R,0.9707,LPath
V9S,0.9432,LPath
V9T,0.9149,LPath
V9W,0.9968,LPath
V9Y,0.9941,LPath
G10A,0.7063,LPath
G10C,0.935,LPath
G10D,0.996,LPath
G10E,0.9971,LPath
G10F,0.9918,LPath
G10H,0.9991,LPath
G10I,0.9714,LPath
G10K,0.9986,LPath
G10L,0.9843,LPath
G10M,0.9949,LPath
G10N,0.9983,LPath
G10P,0.9974,LPath
G10Q,0.9974,LPath
G10R,0.9943,LPath
G10S,0.9488,LPath
G10T,0.9677,LPath
G10V,0.9363,LPath
G10W,0.9914,LPath
G10Y,0.9957,LPath
G11A,0.8948,LPath
G11C,0.9825,LPath
G11D,0.9974,LPath
G11E,0.9978,LPath
G11F,0.9953,LPath
G11H,0.9996,LPath
G11I,0.9969,LPath
G11K,0.9989,LPath
G11L,0.9953,LPath
G11M,0.9987,LPath
G11N,0.9989,LPath
G11P,0.9992,LPath
G11Q,0.9981,LPath
G11R,0.9952,LPath
G11S,0.9806,LPath
G11T,0.9933,LPath
G11V,0.9928,LPath
G11W,0.9951,LPath
G11Y,0.9975,LPath
N12A,0.9937,LPath
N12C,0.9607,LPath
N12D,0.9958,LPath
N12E,0.998,LPath
N12F,0.996,LPath
N12G,0.9876,LPath
N12H,0.9926,LPath
N12I,0.9872,LPath
N12K,0.9988,LPath
N12L,0.9862,LPath
N12M,0.9958,LPath
N12P,0.9924,LPath
N12Q,0.9981,LPath
N12R,0.9964,LPath
N12S,0.9472,LPath
N12T,0.9893,LPath
N12V,0.9878,LPath
N12W,0.9984,LPath
N12Y,0.984,LPath
W13A,0.9975,LPath
W13C,0.9973,LPath
W13D,0.9993,LPath
W13E,0.9994,LPath
W13F,0.739,LPath
W13G,0.9758,LPath
W13H,0.9969,LPath
W13I,0.9972,LPath
W13K,0.9998,LPath
W13L,0.9849,LPath
W13M,0.9979,LPath
W13N,0.9992,LPath
W13P,0.9992,LPath
W13Q,0.9994,LPath
W13R,0.9989,LPath
W13S,0.9967,LPath
W13T,0.9982,LPath
W13V,0.9969,LPath
W13Y,0.9422,LPath
K14A,0.9982,LPath
K14C,0.9997,LPath
K14D,0.9987,LPath
K14E,0.9991,LPath
K14F,0.9997,LPath
K14G,0.9952,LPath
K14H,0.9971,LPath
K14I,0.9997,LPath
K14L,0.9991,LPath
K14M,0.998,LPath
K14N,0.9997,LPath
K14P,0.9984,LPath
K14Q,0.9983,LPath
K14R,0.9598,LPath
K14S,0.9994,LPath
K14T,0.9988,LPath
K14V,0.9995,LPath
K14W,0.9995,LPath
K14Y,0.9989,LPath
M15A,0.9557,LPath
M15C,0.6957,LPath
M15D,0.9973,LPath
M15E,0.9886,LPath
M15F,0.9469,LPath
M15G,0.9428,LPath
M15H,0.9908,LPath
M15I,0.9956,LPath
M15K,0.9806,LPath
M15L,0.6229,LPath
M15N,0.9712,LPath
M15P,0.9987,LPath
M15Q,0.9056,LPath
M15R,0.9804,LPath
M15S,0.9646,LPath
M15T,0.9904,LPath
M15V,0.9419,LPath
M15W,0.9942,LPath
M15Y,0.9811,LPath
N16A,0.9364,LPath
N16C,0.8218,LPath
N16D,0.9839,LPath
N16E,0.9892,LPath
N16F,0.8855,LPath
N16G,0.9157,LPath
N16H,0.621,LPath
N16I,0.9426,LPath
N16K,0.9828,LPath
N16L,0.9082,LPath
N16M,0.9493,LPath
N16P,0.9689,LPath
N16Q,0.9596,LPath
N16R,0.9491,LPath
N16S,0.8216,LPath
N16T,0.9136,LPath
N16V,0.9273,LPath
N16W,0.944,LPath
N16Y,0.6408,LPath
G17A,0.8555,LPath
G17C,0.906,LPath
G17D,0.9916,LPath
G17E,0.9935,LPath
G17F,0.9801,LPath
G17H,0.9929,LPath
G17I,0.9679,LPath
G17K,0.9926,LPath
G17L,0.9564,LPath
G17M,0.9846,LPath
G17N,0.9808,LPath
G17P,0.9931,LPath
G17Q,0.9815,LPath
G17R,0.9829,LPath
G17S,0.8924,LPath
G17T,0.9306,LPath
G17V,0.9426,LPath
G17W,0.9859,LPath
G17Y,0.9834,LPath
R18A,0.4191,Amb
R18C,0.2916,LBen
R18D,0.4771,Amb
R18E,0.515,Amb
R18F,0.7958,LPath
R18G,0.2143,LBen
R18H,0.2308,LBen
R18I,0.5362,Amb
R18K,0.1383,LBen
R18L,0.3805,Amb
R18M,0.4872,Amb
R18N,0.3898,Amb
R18P,0.7036,LPath
R18Q,0.1542,LBen
R18S,0.3191,LBen
R18T,0.1582,LBen
R18V,0.4745,Amb
R18W,0.5073,Amb
R18Y,0.649,LPath
K19A,0.7975,LPath
K19C,0.8931,LPath
K19D,0.9646,LPath
K19E,0.7698,LPath
K19F,0.9231,LPath
K19G,0.8012,LPath
K19H,0.6647,LPath
K19I,0.737,LPath
K19L,0.6229,LPath
K19M,0.6545,LPath
K19N,0.9216,LPath
K19P,0.8806,LPath
K19Q,0.3472,Amb
K19R,0.1122,LBen
K19S,0.864,LPath
K19T,0.7025,LPath
K19V,0.693,LPath
K19W,0.9231,LPath
K19Y,0.8564,LPath
Q20A,0.0609,LBen
Q20C,0.6692,LPath
Q20D,0.1455,LBen
Q20E,0.0676,LBen
Q20F,0.6049,LPath
Q20G,0.1078,LBen
Q20H,0.2324,LBen
Q20I,0.2508,LBen
Q20K,0.0932,LBen
Q20L,0.1335,LBen
Q20M,0.2506,LBen
Q20N,0.122,LBen
Q20P,0.1249,LBen
Q20R,0.1615,LBen
Q20S,0.0737,LBen
Q20T,0.0796,LBen
Q20V,0.1451,LBen
Q20W,0.6912,LPath
Q20Y,0.5174,Amb
S21A,0.1198,LBen
S21C,0.1541,LBen
S21D,0.3848,Amb
S21E,0.4872,Amb
S21F,0.2579,LBen
S21G,0.1044,LBen
S21H,0.3249,LBen
S21I,0.2564,LBen
S21K,0.7194,LPath
S21L,0.237,LBen
S21M,0.2283,LBen
S21N,0.1626,LBen
S21P,0.6504,LPath
S21Q,0.3763,Amb
S21R,0.7317,LPath
S21T,0.1108,LBen
S21V,0.2169,LBen
S21W,0.426,Amb
S21Y,0.2516,LBen
L22A,0.6804,LPath
L22C,0.8196,LPath
L22D,0.9874,LPath
L22E,0.9649,LPath
L22F,0.831,LPath
L22G,0.9368,LPath
L22H,0.9484,LPath
L22I,0.115,LBen
L22K,0.9732,LPath
L22M,0.35,Amb
L22N,0.8289,LPath
L22P,0.9577,LPath
L22Q,0.9059,LPath
L22R,0.9427,LPath
L22S,0.8885,LPath
L22T,0.6245,LPath
L22V,0.1233,LBen
L22W,0.946,LPath
L22Y,0.9614,LPath
G23A,0.1095,LBen
G23C,0.2823,LBen
G23D,0.3216,LBen
G23E,0.2414,LBen
G23F,0.6994,LPath
G23H,0.5503,Amb
G23I,0.3404,Amb
G23K,0.5929,LPath
G23L,0.3877,Amb
G23M,0.4934,Amb
G23N,0.3453,Amb
G23P,0.9009,LPath
G23Q,0.3641,Amb
G23R,0.5089,Amb
G23S,0.1339,LBen
G23T,0.1311,LBen
G23V,0.206,LBen
G23W,0.6055,LPath
G23Y,0.5989,LPath
E24A,0.1712,LBen
E24C,0.8344,LPath
E24D,0.0986,LBen
E24F,0.787,LPath
E24G,0.176,LBen
E24H,0.5502,Amb
E24I,0.4675,Amb
E24K,0.3442,Amb
E24L,0.4544,Amb
E24M,0.5532,Amb
E24N,0.2699,LBen
E24P,0.7228,LPath
E24Q,0.1967,LBen
E24R,0.5041,Amb
E24S,0.2065,LBen
E24T,0.2288,LBen
E24V,0.2849,LBen
E24W,0.928,LPath
E24Y,0.6912,LPath
L25A,0.9006,LPath
L25C,0.9567,LPath
L25D,0.9918,LPath
L25E,0.9755,LPath
L25F,0.7177,LPath
L25G,0.9643,LPath
L25H,0.9119,LPath
L25I,0.2553,LBen
L25K,0.9119,LPath
L25M,0.3826,Amb
L25N,0.9502,LPath
L25P,0.9865,LPath
L25Q,0.9009,LPath
L25R,0.8783,LPath
L25S,0.9775,LPath
L25T,0.9074,LPath
L25V,0.4956,Amb
L25W,0.8479,LPath
L25Y,0.8883,LPath
I26A,0.3793,Amb
I26C,0.7049,LPath
I26D,0.9893,LPath
I26E,0.9707,LPath
I26F,0.5904,LPath
I26G,0.8913,LPath
I26H,0.9753,LPath
I26K,0.9741,LPath
I26L,0.2301,LBen
I26M,0.2174,LBen
I26N,0.9273,LPath
I26P,0.957,LPath
I26Q,0.9403,LPath
I26R,0.9336,LPath
I26S,0.6709,LPath
I26T,0.3188,LBen
I26V,0.1303,LBen
I26W,0.9638,LPath
I26Y,0.9514,LPath
G27A,0.0948,LBen
G27C,0.1655,LBen
G27D,0.1311,LBen
G27E,0.1757,LBen
G27F,0.4623,Amb
G27H,0.2515,LBen
G27I,0.2599,LBen
G27K,0.2848,LBen
G27L,0.302,LBen
G27M,0.361,Amb
G27N,0.1463,LBen
G27P,0.8734,LPath
G27Q,0.1872,LBen
G27R,0.2537,LBen
G27S,0.0922,LBen
G27T,0.0967,LBen
G27V,0.1581,LBen
G27W,0.4595,Amb
G27Y,0.3712,Amb
T28A,0.0943,LBen
T28C,0.3353,LBen
T28D,0.4764,Amb
T28E,0.3727,Amb
T28F,0.2202,LBen
T28G,0.1909,LBen
T28H,0.2451,LBen
T28I,0.1416,LBen
T28K,0.2136,LBen
T28L,0.1039,LBen
T28M,0.1099,LBen
T28N,0.139,LBen
T28P,0.429,Amb
T28Q,0.2026,LBen
T28R,0.2185,LBen
T28S,0.1325,LBen
T28V,0.1099,LBen
T28W,0.6305,LPath
T28Y,0.3124,LBen
L29A,0.9355,LPath
L29C,0.921,LPath
L29D,0.9985,LPath
L29E,0.992,LPath
L29F,0.4772,Amb
L29G,0.9833,LPath
L29H,0.9738,LPath
L29I,0.2706,LBen
L29K,0.978,LPath
L29M,0.2633,LBen
L29N,0.9912,LPath
L29P,0.9836,LPath
L29Q,0.9506,LPath
L29R,0.9554,LPath
L29S,0.987,LPath
L29T,0.9536,LPath
L29V,0.3139,LBen
L29W,0.835,LPath
L29Y,0.9104,LPath
N30A,0.4635,Amb
N30C,0.4624,Amb
N30D,0.6462,LPath
N30E,0.8359,LPath
N30F,0.958,LPath
N30G,0.4744,Amb
N30H,0.573,LPath
N30I,0.6491,LPath
N30K,0.8194,LPath
N30L,0.5579,Amb
N30M,0.7317,LPath
N30P,0.9235,LPath
N30Q,0.7176,LPath
N30R,0.7572,LPath
N30S,0.1719,LBen
N30T,0.418,Amb
N30V,0.5407,Amb
N30W,0.9713,LPath
N30Y,0.763,LPath
A31C,0.3326,LBen
A31D,0.1803,LBen
A31E,0.1861,LBen
A31F,0.3947,Amb
A31G,0.0821,LBen
A31H,0.3053,LBen
A31I,0.2949,LBen
A31K,0.2228,LBen
A31L,0.1794,LBen
A31M,0.2477,LBen
A31N,0.1477,LBen
A31P,0.6352,LPath
A31Q,0.1748,LBen
A31R,0.2176,LBen
A31S,0.0819,LBen
A31T,0.0854,LBen
A31V,0.151,LBen
A31W,0.6849,LPath
A31Y,0.4513,Amb
A32C,0.4555,Amb
A32D,0.795,LPath
A32E,0.7085,LPath
A32F,0.6965,LPath
A32G,0.1325,LBen
A32H,0.7473,LPath
A32I,0.6298,LPath
A32K,0.8211,LPath
A32L,0.4841,Amb
A32M,0.5824,LPath
A32N,0.6333,LPath
A32P,0.8514,LPath
A32Q,0.567,LPath
A32R,0.7259,LPath
A32S,0.1255,LBen
A32T,0.2164,LBen
A32V,0.3346,LBen
A32W,0.9163,LPath
A32Y,0.7985,LPath
K33A,0.1225,LBen
K33C,0.52,Amb
K33D,0.2145,LBen
K33E,0.1075,LBen
K33F,0.7083,LPath
K33G,0.2057,LBen
K33H,0.2282,LBen
K33I,0.2775,LBen
K33L,0.2896,LBen
K33M,0.2258,LBen
K33N,0.173,LBen
K33P,0.2468,LBen
K33Q,0.1026,LBen
K33R,0.0957,LBen
K33S,0.1441,LBen
K33T,0.0754,LBen
K33V,0.1812,LBen
K33W,0.7798,LPath
K33Y,0.6086,LPath
V34A,0.4351,Amb
V34C,0.7273,LPath
V34D,0.8481,LPath
V34E,0.7604,LPath
V34F,0.2235,LBen
V34G,0.4561,Amb
V34H,0.8217,LPath
V34I,0.0835,LBen
V34K,0.749,LPath
V34L,0.1379,LBen
V34M,0.261,LBen
V34N,0.665,LPath
V34P,0.4983,Amb
V34Q,0.669,LPath
V34R,0.6749,LPath
V34S,0.612,LPath
V34T,0.4646,Amb
V34W,0.8102,LPath
V34Y,0.6318,LPath
P35A,0.1059,LBen
P35C,0.5241,Amb
P35D,0.3599,Amb
P35E,0.4439,Amb
P35F,0.6974,LPath
P35G,0.2888,LBen
P35H,0.2738,LBen
P35I,0.5586,Amb
P35K,0.4925,Amb
P35L,0.2672,LBen
P35M,0.5412,Amb
P35N,0.296,LBen
P35Q,0.2862,LBen
P35R,0.3273,LBen
P35S,0.1489,LBen
P35T,0.1747,LBen
P35V,0.3363,LBen
P35W,0.7919,LPath
P35Y,0.6259,LPath
A36C,0.3895,Amb
A36D,0.1298,LBen
A36E,0.153,LBen
A36F,0.3792,Amb
A36G,0.1021,LBen
A36H,0.3246,LBen
A36I,0.2287,LBen
A36K,0.2691,LBen
A36L,0.1594,LBen
A36M,0.2422,LBen
A36N,0.1695,LBen
A36P,0.1019,LBen
A36Q,0.1821,LBen
A36R,0.2718,LBen
A36S,0.0826,LBen
A36T,0.0814,LBen
A36V,0.1171,LBen
A36W,0.6567,LPath
A36Y,0.4781,Amb
D37A,0.1771,LBen
D37C,0.6184,LPath
D37E,0.2144,LBen
D37F,0.6613,LPath
D37G,0.1432,LBen
D37H,0.3602,Amb
D37I,0.5256,Amb
D37K,0.5222,Amb
D37L,0.4921,Amb
D37M,0.6767,LPath
D37N,0.1233,LBen
D37P,0.7344,LPath
D37Q,0.3601,Amb
D37R,0.5506,Amb
D37S,0.1357,LBen
D37T,0.2379,LBen
D37V,0.3174,LBen
D37W,0.903,LPath
D37Y,0.3549,Amb
T38A,0.1814,LBen
T38C,0.3834,Amb
T38D,0.9399,LPath
T38E,0.9138,LPath
T38F,0.8905,LPath
T38G,0.6099,LPath
T38H,0.8516,LPath
T38I,0.4525,Amb
T38K,0.8206,LPath
T38L,0.4627,Amb
T38M,0.4306,Amb
T38N,0.6939,LPath
T38P,0.8254,LPath
T38Q,0.7708,LPath
T38R,0.6873,LPath
T38S,0.3481,Amb
T38V,0.1809,LBen
T38W,0.9633,LPath
T38Y,0.902,LPath
E39A,0.7049,LPath
E39C,0.9801,LPath
E39D,0.2281,LBen
E39F,0.9846,LPath
E39G,0.826,LPath
E39H,0.9352,LPath
E39I,0.9029,LPath
E39K,0.8364,LPath
E39L,0.9286,LPath
E39M,0.9361,LPath
E39N,0.846,LPath
E39P,0.9908,LPath
E39Q,0.5654,LPath
E39R,0.888,LPath
E39S,0.7737,LPath
E39T,0.8033,LPath
E39V,0.7619,LPath
E39W,0.9942,LPath
E39Y,0.9742,LPath
V40A,0.7522,LPath
V40C,0.947,LPath
V40D,0.992,LPath
V40E,0.9851,LPath
V40F,0.8928,LPath
V40G,0.8437,LPath
V40H,0.9951,LPath
V40I,0.162,LBen
V40K,0.9884,LPath
V40L,0.8521,LPath
V40M,0.8483,LPath
V40N,0.9767,LPath
V40P,0.9853,LPath
V40Q,0.9837,LPath
V40R,0.9783,LPath
V40S,0.9249,LPath
V40T,0.7307,LPath
V40W,0.994,LPath
V40Y,0.9818,LPath
V41A,0.8363,LPath
V41C,0.9121,LPath
V41D,0.9965,LPath
V41E,0.994,LPath
V41F,0.8875,LPath
V41G,0.8781,LPath
V41H,0.9966,LPath
V41I,0.1647,LBen
V41K,0.9958,LPath
V41L,0.7394,LPath
V41M,0.919,LPath
V41N,0.9897,LPath
V41P,0.9903,LPath
V41Q,0.9912,LPath
V41R,0.9842,LPath
V41S,0.9542,LPath
V41T,0.9241,LPath
V41W,0.9968,LPath
V41Y,0.9865,LPath
C42A,0.791,LPath
C42D,0.9991,LPath
C42E,0.9993,LPath
C42F,0.8234,LPath
C42G,0.8945,LPath
C42H,0.9972,LPath
C42I,0.4591,Amb
C42K,0.9996,LPath
C42L,0.5752,LPath
C42M,0.8745,LPath
C42N,0.9944,LPath
C42P,0.9936,LPath
C42Q,0.9982,LPath
C42R,0.9965,LPath
C42S,0.9356,LPath
C42T,0.8986,LPath
C42V,0.2455,LBen
C42W,0.99,LPath
C42Y,0.9794,LPath
A43C,0.4114,Amb
A43D,0.9967,LPath
A43E,0.9957,LPath
A43F,0.9241,LPath
A43G,0.3177,LBen
A43H,0.9871,LPath
A43I,0.9332,LPath
A43K,0.9989,LPath
A43L,0.8436,LPath
A43M,0.9156,LPath
A43N,0.9802,LPath
A43P,0.9808,LPath
A43Q,0.9822,LPath
A43R,0.993,LPath
A43S,0.201,LBen
A43T,0.7869,LPath
A43V,0.8054,LPath
A43W,0.9967,LPath
A43Y,0.9864,LPath
P44A,0.3211,LBen
P44C,0.684,LPath
P44D,0.9983,LPath
P44E,0.9952,LPath
P44F,0.9872,LPath
P44G,0.9175,LPath
P44H,0.9906,LPath
P44I,0.7168,LPath
P44K,0.9976,LPath
P44L,0.7312,LPath
P44M,0.9159,LPath
P44N,0.9921,LPath
P44Q,0.9842,LPath
P44R,0.9903,LPath
P44S,0.8164,LPath
P44T,0.6772,LPath
P44V,0.369,Amb
P44W,0.9981,LPath
P44Y,0.9957,LPath
P45A,0.4863,Amb
P45C,0.9287,LPath
P45D,0.9942,LPath
P45E,0.9911,LPath
P45F,0.9972,LPath
P45G,0.8856,LPath
P45H,0.9823,LPath
P45I,0.9796,LPath
P45K,0.996,LPath
P45L,0.9476,LPath
P45M,0.9793,LPath
P45N,0.979,LPath
P45Q,0.9653,LPath
P45R,0.984,LPath
P45S,0.6555,LPath
P45T,0.6753,LPath
P45V,0.8851,LPath
P45W,0.9988,LPath
P45Y,0.9978,LPath
T46A,0.0664,LBen
T46C,0.2933,LBen
T46D,0.8508,LPath
T46E,0.8269,LPath
T46F,0.2769,LBen
T46G,0.2323,LBen
T46H,0.5239,Amb
T46I,0.3994,Amb
T46K,0.871,LPath
T46L,0.188,LBen
T46M,0.1345,LBen
T46N,0.3078,LBen
T46P,0.3628,Amb
T46Q,0.5864,LPath
T46R,0.8143,LPath
T46S,0.1095,LBen
T46V,0.1911,LBen
T46W,0.7628,LPath
T46Y,0.4391,Amb
A47C,0.2973,LBen
A47D,0.9584,LPath
A47E,0.9134,LPath
A47F,0.761,LPath
A47G,0.3299,LBen
A47H,0.9434,LPath
A47I,0.1754,LBen
A47K,0.9828,LPath
A47L,0.2137,LBen
A47M,0.3965,Amb
A47N,0.7739,LPath
A47P,0.165,LBen
A47Q,0.8715,LPath
A47R,0.9656,LPath
A47S,0.2253,LBen
A47T,0.1557,LBen
A47V,0.0966,LBen
A47W,0.9753,LPath
A47Y,0.9178,LPath
Y48A,0.9501,LPath
Y48C,0.5681,LPath
Y48D,0.9689,LPath
Y48E,0.9943,LPath
Y48F,0.1651,LBen
Y48G,0.9171,LPath
Y48H,0.786,LPath
Y48I,0.9599,LPath
Y48K,0.9961,LPath
Y48L,0.7936,LPath
Y48M,0.9421,LPath
Y48N,0.8568,LPath
Y48P,0.9919,LPath
Y48Q,0.9859,LPath
Y48R,0.9821,LPath
Y48S,0.8429,LPath
Y48T,0.9663,LPath
Y48V,0.8941,LPath
Y48W,0.4877,Amb
I49A,0.6982,LPath
I49C,0.8781,LPath
I49D,0.9949,LPath
I49E,0.9855,LPath
I49F,0.6132,LPath
I49G,0.9532,LPath
I49H,0.9823,LPath
I49K,0.9812,LPath
I49L,0.0908,LBen
I49M,0.189,LBen
I49N,0.943,LPath
I49P,0.9653,LPath
I49Q,0.9654,LPath
I49R,0.9642,LPath
I49S,0.8778,LPath
I49T,0.5975,LPath
I49V,0.1218,LBen
I49W,0.9697,LPath
I49Y,0.9549,LPath
D50A,0.4335,Amb
D50C,0.8226,LPath
D50E,0.381,Amb
D50F,0.8857,LPath
D50G,0.4934,Amb
D50H,0.7156,LPath
D50I,0.845,LPath
D50K,0.9235,LPath
D50L,0.7738,LPath
D50M,0.929,LPath
D50N,0.406,Amb
D50P,0.8766,LPath
D50Q,0.7573,LPath
D50R,0.8891,LPath
D50S,0.3693,Amb
D50T,0.6511,LPath
D50V,0.6699,LPath
D50W,0.973,LPath
D50Y,0.6179,LPath
F51A,0.7458,LPath
F51C,0.6549,LPath
F51D,0.9157,LPath
F51E,0.9359,LPath
F51G,0.9115,LPath
F51H,0.7298,LPath
F51I,0.4986,Amb
F51K,0.9691,LPath
F51L,0.8848,LPath
F51M,0.6959,LPath
F51N,0.8799,LPath
F51P,0.9935,LPath
F51Q,0.9129,LPath
F51R,0.9397,LPath
F51S,0.7601,LPath
F51T,0.7729,LPath
F51V,0.4425,Amb
F51W,0.5209,Amb
F51Y,0.172,LBen
A52C,0.3062,LBen
A52D,0.9884,LPath
A52E,0.9814,LPath
A52F,0.9058,LPath
A52G,0.4031,Amb
A52H,0.9798,LPath
A52I,0.4413,Amb
A52K,0.9955,LPath
A52L,0.5128,Amb
A52M,0.6759,LPath
A52N,0.9493,LPath
A52P,0.9379,LPath
A52Q,0.9516,LPath
A52R,0.9852,LPath
A52S,0.1955,LBen
A52T,0.1531,LBen
A52V,0.1292,LBen
A52W,0.9922,LPath
A52Y,0.9774,LPath
R53A,0.6802,LPath
R53C,0.2433,LBen
R53D,0.9712,LPath
R53E,0.7952,LPath
R53F,0.8777,LPath
R53G,0.6081,LPath
R53H,0.3276,LBen
R53I,0.489,Amb
R53K,0.2067,LBen
R53L,0.4959,Amb
R53M,0.6629,LPath
R53N,0.9062,LPath
R53P,0.9817,LPath
R53Q,0.1614,LBen
R53S,0.7848,LPath
R53T,0.6187,LPath
R53V,0.4955,Amb
R53W,0.5729,LPath
R53Y,0.807,LPath
Q54A,0.1578,LBen
Q54C,0.6987,LPath
Q54D,0.3288,LBen
Q54E,0.078,LBen
Q54F,0.8336,LPath
Q54G,0.125,LBen
Q54H,0.3544,Amb
Q54I,0.5893,LPath
Q54K,0.1497,LBen
Q54L,0.2186,LBen
Q54M,0.4406,Amb
Q54N,0.2721,LBen
Q54P,0.6614,LPath
Q54R,0.1768,LBen
Q54S,0.1352,LBen
Q54T,0.1725,LBen
Q54V,0.3754,Amb
Q54W,0.7714,LPath
Q54Y,0.71,LPath
K55A,0.2652,LBen
K55C,0.4277,Amb
K55D,0.6821,LPath
K55E,0.2391,LBen
K55F,0.6711,LPath
K55G,0.358,Amb
K55H,0.1657,LBen
K55I,0.3013,LBen
K55L,0.24,LBen
K55M,0.1513,LBen
K55N,0.2889,LBen
K55P,0.9605,LPath
K55Q,0.0748,LBen
K55R,0.0923,LBen
K55S,0.2858,LBen
K55T,0.1488,LBen
K55V,0.265,LBen
K55W,0.7575,LPath
K55Y,0.516,Amb
L56A,0.6441,LPath
L56C,0.7654,LPath
L56D,0.9966,LPath
L56E,0.9854,LPath
L56F,0.8277,LPath
L56G,0.9264,LPath
L56H,0.9792,LPath
L56I,0.2726,LBen
L56K,0.9759,LPath
L56M,0.3616,Amb
L56N,0.9781,LPath
L56P,0.9818,LPath
L56Q,0.945,LPath
L56R,0.9463,LPath
L56S,0.9465,LPath
L56T,0.7393,LPath
L56V,0.248,LBen
L56W,0.9669,LPath
L56Y,0.9734,LPath
D57A,0.2117,LBen
D57C,0.6302,LPath
D57E,0.3194,LBen
D57F,0.718,LPath
D57G,0.366,Amb
D57H,0.2408,LBen
D57I,0.5756,LPath
D57K,0.6451,LPath
D57L,0.3801,Amb
D57M,0.7562,LPath
D57N,0.1224,LBen
D57P,0.6984,LPath
D57Q,0.4232,Amb
D57R,0.6289,LPath
D57S,0.1522,LBen
D57T,0.4216,Amb
D57V,0.3911,Amb
D57W,0.9293,LPath
D57Y,0.3291,LBen
P58A,0.0913,LBen
P58C,0.5134,Amb
P58D,0.2483,LBen
P58E,0.2112,LBen
P58F,0.7286,LPath
P58G,0.1772,LBen
P58H,0.2447,LBen
P58I,0.5172,Amb
P58K,0.2047,LBen
P58L,0.2615,LBen
P58M,0.4708,Amb
P58N,0.2469,LBen
P58Q,0.1486,LBen
P58R,0.1743,LBen
P58S,0.1082,LBen
P58T,0.1298,LBen
P58V,0.3094,LBen
P58W,0.7857,LPath
P58Y,0.6329,LPath
K59A,0.1834,LBen
K59C,0.568,LPath
K59D,0.4067,Amb
K59E,0.1935,LBen
K59F,0.7965,LPath
K59G,0.2429,LBen
K59H,0.2457,LBen
K59I,0.4671,Amb
K59L,0.3691,Amb
K59M,0.315,LBen
K59N,0.2712,LBen
K59P,0.7908,LPath
K59Q,0.107,LBen
K59R,0.0784,LBen
K59S,0.2229,LBen
K59T,0.1475,LBen
K59V,0.3391,LBen
K59W,0.8141,LPath
K59Y,0.6743,LPath
I60A,0.8534,LPath
I60C,0.8642,LPath
I60D,0.9936,LPath
I60E,0.9888,LPath
I60F,0.1316,LBen
I60G,0.9661,LPath
I60H,0.9393,LPath
I60K,0.976,LPath
I60L,0.2828,LBen
I60M,0.2174,LBen
I60N,0.9179,LPath
I60P,0.9705,LPath
I60Q,0.9663,LPath
I60R,0.9465,LPath
I60S,0.9125,LPath
I60T,0.7836,LPath
I60V,0.147,LBen
I60W,0.7569,LPath
I60Y,0.5185,Amb
A61C,0.3495,Amb
A61D,0.4587,Amb
A61E,0.4094,Amb
A61F,0.4144,Amb
A61G,0.1067,LBen
A61H,0.4518,Amb
A61I,0.4821,Amb
A61K,0.608,LPath
A61L,0.2724,LBen
A61M,0.3557,Amb
A61N,0.365,Amb
A61P,0.8105,LPath
A61Q,0.3181,LBen
A61R,0.5415,Amb
A61S,0.0979,LBen
A61T,0.1513,LBen
A61V,0.2609,LBen
A61W,0.7905,LPath
A61Y,0.567,LPath
V62A,0.7831,LPath
V62C,0.9194,LPath
V62D,0.9954,LPath
V62E,0.9909,LPath
V62F,0.8802,LPath
V62G,0.88,LPath
V62H,0.9959,LPath
V62I,0.1457,LBen
V62K,0.993,LPath
V62L,0.5513,Amb
V62M,0.7712,LPath
V62N,0.9828,LPath
V62P,0.9619,LPath
V62Q,0.9878,LPath
V62R,0.9848,LPath
V62S,0.9309,LPath
V62T,0.7587,LPath
V62W,0.9965,LPath
V62Y,0.9891,LPath
A63C,0.8301,LPath
A63D,0.9972,LPath
A63E,0.9981,LPath
A63F,0.9936,LPath
A63G,0.2318,LBen
A63H,0.997,LPath
A63I,0.9924,LPath
A63K,0.9996,LPath
A63L,0.964,LPath
A63M,0.9794,LPath
A63N,0.9938,LPath
A63P,0.9969,LPath
A63Q,0.9938,LPath
A63R,0.9978,LPath
A63S,0.2058,LBen
A63T,0.8788,LPath
A63V,0.9495,LPath
A63W,0.9994,LPath
A63Y,0.9977,LPath
A64C,0.7683,LPath
A64D,0.9936,LPath
A64E,0.9924,LPath
A64F,0.9521,LPath
A64G,0.1712,LBen
A64H,0.9899,LPath
A64I,0.949,LPath
A64K,0.9981,LPath
A64L,0.8484,LPath
A64M,0.9132,LPath
A64N,0.9794,LPath
A64P,0.9702,LPath
A64Q,0.9754,LPath
A64R,0.9917,LPath
A64S,0.202,LBen
A64T,0.7085,LPath
A64V,0.7818,LPath
A64W,0.9956,LPath
A64Y,0.9868,LPath
Q65A,0.8529,LPath
Q65C,0.9966,LPath
Q65D,0.9961,LPath
Q65E,0.5483,Amb
Q65F,0.9991,LPath
Q65G,0.8841,LPath
Q65H,0.9984,LPath
Q65I,0.9919,LPath
Q65K,0.9869,LPath
Q65L,0.9609,LPath
Q65M,0.944,LPath
Q65N,0.9772,LPath
Q65P,0.9736,LPath
Q65R,0.9868,LPath
Q65S,0.8631,LPath
Q65T,0.9439,LPath
Q65V,0.9814,LPath
Q65W,0.9993,LPath
Q65Y,0.9996,LPath
N66A,0.9895,LPath
N66C,0.9773,LPath
N66D,0.7934,LPath
N66E,0.996,LPath
N66F,0.9984,LPath
N66G,0.9697,LPath
N66H,0.9787,LPath
N66I,0.994,LPath
N66K,0.9984,LPath
N66L,0.99,LPath
N66M,0.9933,LPath
N66P,0.9979,LPath
N66Q,0.9964,LPath
N66R,0.9975,LPath
N66S,0.8221,LPath
N66T,0.922,LPath
N66V,0.9887,LPath
N66W,0.9992,LPath
N66Y,0.9812,LPath
C67A,0.6542,LPath
C67D,0.9977,LPath
C67E,0.999,LPath
C67F,0.9721,LPath
C67G,0.7029,LPath
C67H,0.9963,LPath
C67I,0.9337,LPath
C67K,0.9997,LPath
C67L,0.9186,LPath
C67M,0.9494,LPath
C67N,0.9831,LPath
C67P,0.9987,LPath
C67Q,0.9962,LPath
C67R,0.9967,LPath
C67S,0.6395,LPath
C67T,0.8136,LPath
C67V,0.7813,LPath
C67W,0.9974,LPath
C67Y,0.9934,LPath
Y68A,0.9796,LPath
Y68C,0.6427,LPath
Y68D,0.9835,LPath
Y68E,0.9972,LPath
Y68F,0.2341,LBen
Y68G,0.9538,LPath
Y68H,0.7192,LPath
Y68I,0.9888,LPath
Y68K,0.998,LPath
Y68L,0.9593,LPath
Y68M,0.9864,LPath
Y68N,0.9251,LPath
Y68P,0.9941,LPath
Y68Q,0.9922,LPath
Y68R,0.986,LPath
Y68S,0.8543,LPath
Y68T,0.9885,LPath
Y68V,0.9741,LPath
Y68W,0.4416,Amb
K69A,0.7616,LPath
K69C,0.8501,LPath
K69D,0.9463,LPath
K69E,0.8366,LPath
K69F,0.9151,LPath
K69G,0.8511,LPath
K69H,0.5524,Amb
K69I,0.8052,LPath
K69L,0.7451,LPath
K69M,0.6094,LPath
K69N,0.8989,LPath
K69P,0.8453,LPath
K69Q,0.4227,Amb
K69R,0.1496,LBen
K69S,0.8042,LPath
K69T,0.5521,Amb
K69V,0.6856,LPath
K69W,0.9116,LPath
K69Y,0.8353,LPath
V70A,0.2768,LBen
V70C,0.7669,LPath
V70D,0.725,LPath
V70E,0.4291,Amb
V70F,0.3512,Amb
V70G,0.3947,Amb
V70H,0.7676,LPath
V70I,0.1741,LBen
V70K,0.5722,LPath
V70L,0.4795,Amb
V70M,0.377,Amb
V70N,0.5512,Amb
V70P,0.9326,LPath
V70Q,0.4161,Amb
V70R,0.626,LPath
V70S,0.4261,Amb
V70T,0.3325,LBen
V70W,0.9572,LPath
V70Y,0.7696,LPath
T71A,0.0627,LBen
T71C,0.3956,Amb
T71D,0.2423,LBen
T71E,0.2138,LBen
T71F,0.5145,Amb
T71G,0.1443,LBen
T71H,0.3298,LBen
T71I,0.2739,LBen
T71K,0.2225,LBen
T71L,0.1765,LBen
T71M,0.1661,LBen
T71N,0.1204,LBen
T71P,0.073,LBen
T71Q,0.184,LBen
T71R,0.2817,LBen
T71S,0.0971,LBen
T71V,0.1789,LBen
T71W,0.7738,LPath
T71Y,0.5332,Amb
N72A,0.1692,LBen
N72C,0.2895,LBen
N72D,0.1733,LBen
N72E,0.4494,Amb
N72F,0.7518,LPath
N72G,0.1763,LBen
N72H,0.1625,LBen
N72I,0.565,LPath
N72K,0.4183,Amb
N72L,0.4151,Amb
N72M,0.497,Amb
N72P,0.6027,LPath
N72Q,0.3261,LBen
N72R,0.5174,Amb
N72S,0.0543,LBen
N72T,0.1508,LBen
N72V,0.3888,Amb
N72W,0.8955,LPath
N72Y,0.4062,Amb
G73A,0.9788,LPath
G73C,0.9915,LPath
G73D,0.9971,LPath
G73E,0.9987,LPath
G73F,0.9982,LPath
G73H,0.9992,LPath
G73I,0.9978,LPath
G73K,0.9983,LPath
G73L,0.9976,LPath
G73M,0.9991,LPath
G73N,0.9982,LPath
G73P,0.9992,LPath
G73Q,0.9983,LPath
G73R,0.9954,LPath
G73S,0.9808,LPath
G73T,0.9937,LPath
G73V,0.9953,LPath
G73W,0.9972,LPath
G73Y,0.9982,LPath
A74C,0.9635,LPath
A74D,0.9956,LPath
A74E,0.9957,LPath
A74F,0.9803,LPath
A74G,0.9306,LPath
A74H,0.9901,LPath
A74I,0.9958,LPath
A74K,0.9971,LPath
A74L,0.9706,LPath
A74M,0.992,LPath
A74N,0.9814,LPath
A74P,0.903,LPath
A74Q,0.9854,LPath
A74R,0.9725,LPath
A74S,0.7355,LPath
A74T,0.9842,LPath
A74V,0.9922,LPath
A74W,0.9945,LPath
A74Y,0.9901,LPath
F75A,0.9978,LPath
F75C,0.9671,LPath
F75D,0.9994,LPath
F75E,0.9996,LPath
F75G,0.9979,LPath
F75H,0.975,LPath
F75I,0.9917,LPath
F75K,0.9991,LPath
F75L,0.9985,LPath
F75M,0.9925,LPath
F75N,0.9961,LPath
F75P,0.9999,LPath
F75Q,0.998,LPath
F75R,0.9961,LPath
F75S,0.9955,LPath
F75T,0.9986,LPath
F75V,0.9854,LPath
F75W,0.8201,LPath
F75Y,0.3741,Amb
T76A,0.9873,LPath
T76C,0.9907,LPath
T76D,0.9974,LPath
T76E,0.9975,LPath
T76F,0.997,LPath
T76G,0.9848,LPath
T76H,0.9935,LPath
T76I,0.9974,LPath
T76K,0.9949,LPath
T76L,0.984,LPath
T76M,0.9916,LPath
T76N,0.9946,LPath
T76P,0.9753,LPath
T76Q,0.9947,LPath
T76R,0.9897,LPath
T76S,0.9578,LPath
T76V,0.9895,LPath
T76W,0.9974,LPath
T76Y,0.9977,LPath
G77A,0.9507,LPath
G77C,0.9875,LPath
G77D,0.9981,LPath
G77E,0.9987,LPath
G77F,0.9992,LPath
G77H,0.9997,LPath
G77I,0.9994,LPath
G77K,0.9996,LPath
G77L,0.9981,LPath
G77M,0.9994,LPath
G77N,0.9989,LPath
G77P,0.9995,LPath
G77Q,0.9989,LPath
G77R,0.9973,LPath
G77S,0.9574,LPath
G77T,0.9944,LPath
G77V,0.9974,LPath
G77W,0.998,LPath
G77Y,0.9994,LPath
E78A,0.9536,LPath
E78C,0.9878,LPath
E78D,0.8779,LPath
E78F,0.9994,LPath
E78G,0.9592,LPath
E78H,0.9968,LPath
E78I,0.9977,LPath
E78K,0.9916,LPath
E78L,0.9979,LPath
E78M,0.9969,LPath
E78N,0.9868,LPath
E78P,0.9989,LPath
E78Q,0.9491,LPath
E78R,0.9849,LPath
E78S,0.9708,LPath
E78T,0.9929,LPath
E78V,0.9935,LPath
E78W,0.9996,LPath
E78Y,0.9982,LPath
I79A,0.9008,LPath
I79C,0.9236,LPath
I79D,0.9885,LPath
I79E,0.9795,LPath
I79F,0.7184,LPath
I79G,0.9728,LPath
I79H,0.9725,LPath
I79K,0.982,LPath
I79L,0.348,Amb
I79M,0.3604,Amb
I79N,0.7864,LPath
I79P,0.9884,LPath
I79Q,0.9581,LPath
I79R,0.9737,LPath
I79S,0.8706,LPath
I79T,0.5983,LPath
I79V,0.1366,LBen
I79W,0.9838,LPath
I79Y,0.95,LPath
S80A,0.3206,LBen
S80C,0.4455,Amb
S80D,0.9826,LPath
S80E,0.9929,LPath
S80F,0.9708,LPath
S80G,0.6732,LPath
S80H,0.9087,LPath
S80I,0.9839,LPath
S80K,0.9988,LPath
S80L,0.9093,LPath
S80M,0.9561,LPath
S80N,0.9159,LPath
S80P,0.9676,LPath
S80Q,0.981,LPath
S80R,0.9967,LPath
S80T,0.791,LPath
S80V,0.9704,LPath
S80W,0.9649,LPath
S80Y,0.9559,LPath
P81A,0.2216,LBen
P81C,0.8882,LPath
P81D,0.9965,LPath
P81E,0.9922,LPath
P81F,0.9935,LPath
P81G,0.7854,LPath
P81H,0.9868,LPath
P81I,0.9164,LPath
P81K,0.9956,LPath
P81L,0.8363,LPath
P81M,0.9611,LPath
P81N,0.9899,LPath
P81Q,0.9793,LPath
P81R,0.9823,LPath
P81S,0.7338,LPath
P81T,0.6652,LPath
P81V,0.689,LPath
P81W,0.9977,LPath
P81Y,0.9963,LPath
G82A,0.0929,LBen
G82C,0.306,LBen
G82D,0.4241,Amb
G82E,0.3066,LBen
G82F,0.6855,LPath
G82H,0.5862,LPath
G82I,0.3791,Amb
G82K,0.6335,LPath
G82L,0.4118,Amb
G82M,0.5305,Amb
G82N,0.4297,Amb
G82P,0.7352,LPath
G82Q,0.371,Amb
G82R,0.528,Amb
G82S,0.138,LBen
G82T,0.1957,LBen
G82V,0.2333,LBen
G82W,0.6432,LPath
G82Y,0.6377,LPath
M83A,0.9601,LPath
M83C,0.9579,LPath
M83D,0.9959,LPath
M83E,0.9757,LPath
M83F,0.7504,LPath
M83G,0.9886,LPath
M83H,0.9528,LPath
M83I,0.9371,LPath
M83K,0.9763,LPath
M83L,0.747,LPath
M83N,0.9548,LPath
M83P,0.9989,LPath
M83Q,0.7476,LPath
M83R,0.9825,LPath
M83S,0.9507,LPath
M83T,0.9734,LPath
M83V,0.8028,LPath
M83W,0.9806,LPath
M83Y,0.9735,LPath
I84A,0.8823,LPath
I84C,0.9493,LPath
I84D,0.9989,LPath
I84E,0.9944,LPath
I84F,0.8984,LPath
I84G,0.9899,LPath
I84H,0.9971,LPath
I84K,0.9962,LPath
I84L,0.2315,LBen
I84M,0.4147,Amb
I84N,0.9864,LPath
I84P,0.994,LPath
I84Q,0.9905,LPath
I84R,0.9922,LPath
I84S,0.9694,LPath
I84T,0.9504,LPath
I84V,0.1749,LBen
I84W,0.9962,LPath
I84Y,0.9891,LPath
K85A,0.4484,Amb
K85C,0.7379,LPath
K85D,0.8994,LPath
K85E,0.4302,Amb
K85F,0.908,LPath
K85G,0.6568,LPath
K85H,0.5097,Amb
K85I,0.4212,Amb
K85L,0.4044,Amb
K85M,0.3622,Amb
K85N,0.7205,LPath
K85P,0.9755,LPath
K85Q,0.2049,LBen
K85R,0.0946,LBen
K85S,0.6164,LPath
K85T,0.2973,LBen
K85V,0.355,Amb
K85W,0.9181,LPath
K85Y,0.876,LPath
D86A,0.9237,LPath
D86C,0.9868,LPath
D86E,0.7971,LPath
D86F,0.9929,LPath
D86G,0.9083,LPath
D86H,0.9737,LPath
D86I,0.9911,LPath
D86K,0.9919,LPath
D86L,0.986,LPath
D86M,0.9973,LPath
D86N,0.8877,LPath
D86P,0.9966,LPath
D86Q,0.9767,LPath
D86R,0.9856,LPath
D86S,0.8966,LPath
D86T,0.9748,LPath
D86V,0.9661,LPath
D86W,0.9973,LPath
D86Y,0.9422,LPath
C87A,0.3432,Amb
C87D,0.9263,LPath
C87E,0.9273,LPath
C87F,0.4206,Amb
C87G,0.3778,Amb
C87H,0.8304,LPath
C87I,0.3162,LBen
C87K,0.9678,LPath
C87L,0.2287,LBen
C87M,0.4637,Amb
C87N,0.6281,LPath
C87P,0.9848,LPath
C87Q,0.8384,LPath
C87R,0.8661,LPath
C87S,0.3706,Amb
C87T,0.3964,Amb
C87V,0.2289,LBen
C87W,0.7915,LPath
C87Y,0.6892,LPath
G88A,0.529,Amb
G88C,0.6508,LPath
G88D,0.5437,Amb
G88E,0.7272,LPath
G88F,0.9574,LPath
G88H,0.8131,LPath
G88I,0.9416,LPath
G88K,0.8199,LPath
G88L,0.9207,LPath
G88M,0.9417,LPath
G88N,0.6478,LPath
G88P,0.988,LPath
G88Q,0.6826,LPath
G88R,0.7135,LPath
G88S,0.3624,Amb
G88T,0.7746,LPath
G88V,0.8781,LPath
G88W,0.9402,LPath
G88Y,0.9214,LPath
A89C,0.3833,Amb
A89D,0.9806,LPath
A89E,0.9763,LPath
A89F,0.9342,LPath
A89G,0.2432,LBen
A89H,0.9868,LPath
A89I,0.5865,LPath
A89K,0.9944,LPath
A89L,0.5913,LPath
A89M,0.7978,LPath
A89N,0.9445,LPath
A89P,0.9199,LPath
A89Q,0.9647,LPath
A89R,0.9829,LPath
A89S,0.3003,LBen
A89T,0.3875,Amb
A89V,0.2818,LBen
A89W,0.9956,LPath
A89Y,0.9789,LPath
T90A,0.0822,LBen
T90C,0.4184,Amb
T90D,0.1984,LBen
T90E,0.151,LBen
T90F,0.4408,Amb
T90G,0.1359,LBen
T90H,0.2251,LBen
T90I,0.2917,LBen
T90K,0.1408,LBen
T90L,0.1566,LBen
T90M,0.1669,LBen
T90N,0.0938,LBen
T90P,0.1762,LBen
T90Q,0.1327,LBen
T90R,0.1683,LBen
T90S,0.0863,LBen
T90V,0.1904,LBen
T90W,0.747,LPath
T90Y,0.4283,Amb
W91A,0.9631,LPath
W91C,0.978,LPath
W91D,0.9975,LPath
W91E,0.9975,LPath
W91F,0.5467,Amb
W91G,0.9281,LPath
W91H,0.9673,LPath
W91I,0.9764,LPath
W91K,0.9985,LPath
W91L,0.9349,LPath
W91M,0.9714,LPath
W91N,0.9921,LPath
W91P,0.9988,LPath
W91Q,0.9962,LPath
W91R,0.9948,LPath
W91S,0.9317,LPath
W91T,0.9589,LPath
W91V,0.9491,LPath
W91Y,0.6886,LPath
V92A,0.6708,LPath
V92C,0.9127,LPath
V92D,0.9954,LPath
V92E,0.992,LPath
V92F,0.9853,LPath
V92G,0.8263,LPath
V92H,0.9984,LPath
V92I,0.2931,LBen
V92K,0.9973,LPath
V92L,0.9287,LPath
V92M,0.9471,LPath
V92N,0.9805,LPath
V92P,0.996,LPath
V92Q,0.9902,LPath
V92R,0.9914,LPath
V92S,0.8441,LPath
V92T,0.6284,LPath
V92W,0.9996,LPath
V92Y,0.9978,LPath
V93A,0.938,LPath
V93C,0.9198,LPath
V93D,0.9941,LPath
V93E,0.9841,LPath
V93F,0.9083,LPath
V93G,0.9365,LPath
V93H,0.9963,LPath
V93I,0.0801,LBen
V93K,0.9935,LPath
V93L,0.3728,Amb
V93M,0.7597,LPath
V93N,0.975,LPath
V93P,0.9791,LPath
V93Q,0.9879,LPath
V93R,0.9893,LPath
V93S,0.9595,LPath
V93T,0.9329,LPath
V93W,0.9972,LPath
V93Y,0.9902,LPath
L94A,0.87,LPath
L94C,0.9012,LPath
L94D,0.999,LPath
L94E,0.9936,LPath
L94F,0.969,LPath
L94G,0.9863,LPath
L94H,0.9936,LPath
L94I,0.1922,LBen
L94K,0.9953,LPath
L94M,0.651,LPath
L94N,0.9884,LPath
L94P,0.9846,LPath
L94Q,0.9851,LPath
L94R,0.9876,LPath
L94S,0.978,LPath
L94T,0.756,LPath
L94V,0.2705,LBen
L94W,0.9947,LPath
L94Y,0.9965,LPath
G95A,0.9866,LPath
G95C,0.9941,LPath
G95D,0.9989,LPath
G95E,0.9994,LPath
G95F,0.9993,LPath
G95H,0.9998,LPath
G95I,0.9995,LPath
G95K,0.9998,LPath
G95L,0.9984,LPath
G95M,0.9998,LPath
G95N,0.9997,LPath
G95P,0.9992,LPath
G95Q,0.9995,LPath
G95R,0.9988,LPath
G95S,0.9918,LPath
G95T,0.9986,LPath
G95V,0.9989,LPath
G95W,0.9985,LPath
G95Y,0.9994,LPath
H96A,0.9997,LPath
H96C,0.994,LPath
H96D,0.9994,LPath
H96E,0.9997,LPath
H96F,0.997,LPath
H96G,0.9998,LPath
H96I,0.9999,LPath
H96K,0.9994,LPath
H96L,0.9974,LPath
H96M,0.9996,LPath
H96N,0.999,LPath
H96P,0.9968,LPath
H96Q,0.9996,LPath
H96R,0.9992,LPath
H96S,0.9993,LPath
H96T,0.9999,LPath
H96V,0.9999,LPath
H96W,0.9878,LPath
H96Y,0.9981,LPath
S97A,0.9052,LPath
S97C,0.9832,LPath
S97D,0.9985,LPath
S97E,0.9958,LPath
S97F,0.9966,LPath
S97G,0.9733,LPath
S97H,0.9926,LPath
S97I,0.9955,LPath
S97K,0.9993,LPath
S97L,0.994,LPath
S97M,0.9947,LPath
S97N,0.9978,LPath
S97P,0.9945,LPath
S97Q,0.9942,LPath
S97R,0.9983,LPath
S97T,0.9281,LPath
S97V,0.9951,LPath
S97W,0.9845,LPath
S97Y,0.9948,LPath
E98A,0.9965,LPath
E98C,0.998,LPath
E98D,0.9983,LPath
E98F,0.9999,LPath
E98G,0.9921,LPath
E98H,0.9994,LPath
E98I,0.9992,LPath
E98K,0.9972,LPath
E98L,0.9993,LPath
E98M,0.9996,LPath
E98N,0.9996,LPath
E98P,0.9977,LPath
E98Q,0.9925,LPath
E98R,0.9948,LPath
E98S,0.9979,LPath
E98T,0.999,LPath
E98V,0.9982,LPath
E98W,0.9998,LPath
E98Y,0.9997,LPath
R99A,0.9976,LPath
R99C,0.9814,LPath
R99D,0.9981,LPath
R99E,0.9889,LPath
R99F,0.9992,LPath
R99G,0.991,LPath
R99H,0.9832,LPath
R99I,0.996,LPath
R99K,0.9829,LPath
R99L,0.9887,LPath
R99M,0.999,LPath
R99N,0.9978,LPath
R99P,0.9979,LPath
R99Q,0.9807,LPath
R99S,0.9987,LPath
R99T,0.9986,LPath
R99V,0.995,LPath
R99W,0.9848,LPath
R99Y,0.9954,LPath
R100A,0.9989,LPath
R100C,0.9824,LPath
R100D,0.999,LPath
R100E,0.9949,LPath
R100F,0.9993,LPath
R100G,0.9955,LPath
R100H,0.9827,LPath
R100I,0.9977,LPath
R100K,0.9805,LPath
R100L,0.9935,LPath
R100M,0.9996,LPath
R100N,0.9991,LPath
R100P,0.9982,LPath
R100Q,0.9865,LPath
R100S,0.999,LPath
R100T,0.9992,LPath
R100V,0.998,LPath
R100W,0.9829,LPath
R100Y,0.9964,LPath
H101A,0.7684,LPath
H101C,0.5521,Amb
H101D,0.9122,LPath
H101E,0.9169,LPath
H101F,0.6875,LPath
H101G,0.8047,LPath
H101I,0.9207,LPath
H101K,0.8614,LPath
H101L,0.626,LPath
H101M,0.879,LPath
H101N,0.4966,Amb
H101P,0.9706,LPath
H101Q,0.75,LPath
H101R,0.7075,LPath
H101S,0.6986,LPath
H101T,0.8097,LPath
H101V,0.8564,LPath
H101W,0.6986,LPath
H101Y,0.5061,Amb
V102A,0.8524,LPath
V102C,0.8726,LPath
V102D,0.9733,LPath
V102E,0.9565,LPath
V102F,0.6377,LPath
V102G,0.8017,LPath
V102H,0.9463,LPath
V102I,0.0935,LBen
V102K,0.9369,LPath
V102L,0.5061,Amb
V102M,0.6649,LPath
V102N,0.9005,LPath
V102P,0.9724,LPath
V102Q,0.916,LPath
V102R,0.8943,LPath
V102S,0.8883,LPath
V102T,0.777,LPath
V102W,0.9809,LPath
V102Y,0.8895,LPath
F103A,0.9669,LPath
F103C,0.8727,LPath
F103D,0.9961,LPath
F103E,0.9961,LPath
F103G,0.9803,LPath
F103H,0.9671,LPath
F103I,0.891,LPath
F103K,0.9958,LPath
F103L,0.9691,LPath
F103M,0.8918,LPath
F103N,0.9865,LPath
F103P,0.9985,LPath
F103Q,0.9881,LPath
F103R,0.9848,LPath
F103S,0.9771,LPath
F103T,0.98,LPath
F103V,0.9184,LPath
F103W,0.8329,LPath
F103Y,0.76,LPath
G104A,0.3515,Amb
G104C,0.3452,Amb
G104D,0.6829,LPath
G104E,0.7203,LPath
G104F,0.8829,LPath
G104H,0.5253,Amb
G104I,0.8892,LPath
G104K,0.6183,LPath
G104L,0.7488,LPath
G104M,0.8255,LPath
G104N,0.5412,Amb
G104P,0.9852,LPath
G104Q,0.4799,Amb
G104R,0.4885,Amb
G104S,0.2771,LBen
G104T,0.6258,LPath
G104V,0.7737,LPath
G104W,0.8199,LPath
G104Y,0.8068,LPath
E105A,0.9844,LPath
E105C,0.9919,LPath
E105D,0.9271,LPath
E105F,0.999,LPath
E105G,0.9732,LPath
E105H,0.9964,LPath
E105I,0.9968,LPath
E105K,0.9879,LPath
E105L,0.9966,LPath
E105M,0.9973,LPath
E105N,0.9947,LPath
E105P,0.9977,LPath
E105Q,0.9708,LPath
E105R,0.9825,LPath
E105S,0.9899,LPath
E105T,0.9945,LPath
E105V,0.9923,LPath
E105W,0.9989,LPath
E105Y,0.9971,LPath
S106A,0.1733,LBen
S106C,0.2608,LBen
S106D,0.3521,Amb
S106E,0.6615,LPath
S106F,0.8361,LPath
S106G,0.0953,LBen
S106H,0.6232,LPath
S106I,0.736,LPath
S106K,0.667,LPath
S106L,0.3763,Amb
S106M,0.5009,Amb
S106N,0.1808,LBen
S106P,0.3158,LBen
S106Q,0.6297,LPath
S106R,0.7246,LPath
S106T,0.0792,LBen
S106V,0.5993,LPath
S106W,0.8374,LPath
S106Y,0.7125,LPath
D107A,0.6524,LPath
D107C,0.9452,LPath
D107E,0.723,LPath
D107F,0.986,LPath
D107G,0.6748,LPath
D107H,0.8573,LPath
D107I,0.9572,LPath
D107K,0.9501,LPath
D107L,0.9362,LPath
D107M,0.9791,LPath
D107N,0.1879,LBen
D107P,0.8913,LPath
D107Q,0.906,LPath
D107R,0.9529,LPath
D107S,0.3042,LBen
D107T,0.701,LPath
D107V,0.861,LPath
D107W,0.9961,LPath
D107Y,0.9146,LPath
E108A,0.1206,LBen
E108C,0.8139,LPath
E108D,0.1395,LBen
E108F,0.7398,LPath
E108G,0.1914,LBen
E108H,0.4626,Amb
E108I,0.3398,LBen
E108K,0.2055,LBen
E108L,0.3704,Amb
E108M,0.4665,Amb
E108N,0.3055,LBen
E108P,0.6832,LPath
E108Q,0.1537,LBen
E108R,0.3452,Amb
E108S,0.2075,LBen
E108T,0.1926,LBen
E108V,0.2015,LBen
E108W,0.9063,LPath
E108Y,0.6409,LPath
L109A,0.6961,LPath
L109C,0.879,LPath
L109D,0.9024,LPath
L109E,0.8199,LPath
L109F,0.4901,Amb
L109G,0.8392,LPath
L109H,0.7886,LPath
L109I,0.2771,LBen
L109K,0.7924,LPath
L109M,0.2858,LBen
L109N,0.7682,LPath
L109P,0.9808,LPath
L109Q,0.6005,LPath
L109R,0.7303,LPath
L109S,0.8608,LPath
L109T,0.5536,Amb
L109V,0.2504,LBen
L109W,0.7675,LPath
L109Y,0.7905,LPath
I110A,0.7932,LPath
I110C,0.9408,LPath
I110D,0.9977,LPath
I110E,0.9916,LPath
I110F,0.9463,LPath
I110G,0.9823,LPath
I110H,0.9958,LPath
I110K,0.9928,LPath
I110L,0.4677,Amb
I110M,0.6451,LPath
I110N,0.972,LPath
I110P,0.9797,LPath
I110Q,0.9893,LPath
I110R,0.9805,LPath
I110S,0.9021,LPath
I110T,0.4035,Amb
I110V,0.1222,LBen
I110W,0.996,LPath
I110Y,0.9947,LPath
G111A,0.3141,LBen
G111C,0.8365,LPath
G111D,0.991,LPath
G111E,0.9847,LPath
G111F,0.9896,LPath
G111H,0.9853,LPath
G111I,0.9841,LPath
G111K,0.9894,LPath
G111L,0.979,LPath
G111M,0.9907,LPath
G111N,0.9782,LPath
G111P,0.9974,LPath
G111Q,0.9661,LPath
G111R,0.9578,LPath
G111S,0.4154,Amb
G111T,0.8947,LPath
G111V,0.9537,LPath
G111W,0.9842,LPath
G111Y,0.9869,LPath
Q112A,0.2459,LBen
Q112C,0.8101,LPath
Q112D,0.5608,Amb
Q112E,0.1034,LBen
Q112F,0.8848,LPath
Q112G,0.3324,LBen
Q112H,0.5364,Amb
Q112I,0.6731,LPath
Q112K,0.1783,LBen
Q112L,0.2471,LBen
Q112M,0.5209,Amb
Q112N,0.525,Amb
Q112P,0.8137,LPath
Q112R,0.2445,LBen
Q112S,0.3511,Amb
Q112T,0.3642,Amb
Q112V,0.4653,Amb
Q112W,0.8812,LPath
Q112Y,0.841,LPath
K113A,0.9949,LPath
K113C,0.9951,LPath
K113D,0.9974,LPath
K113E,0.9941,LPath
K113F,0.9998,LPath
K113G,0.9937,LPath
K113H,0.986,LPath
K113I,0.9962,LPath
K113L,0.9923,LPath
K113M,0.9884,LPath
K113N,0.9971,LPath
K113P,0.9982,LPath
K113Q,0.9896,LPath
K113R,0.6976,LPath
K113S,0.9976,LPath
K113T,0.9842,LPath
K113V,0.9929,LPath
K113W,0.9994,LPath
K113Y,0.9973,LPath
V114A,0.5675,LPath
V114C,0.8812,LPath
V114D,0.9933,LPath
V114E,0.9859,LPath
V114F,0.9351,LPath
V114G,0.791,LPath
V114H,0.9955,LPath
V114I,0.2075,LBen
V114K,0.9934,LPath
V114L,0.8437,LPath
V114M,0.786,LPath
V114N,0.9649,LPath
V114P,0.9965,LPath
V114Q,0.9796,LPath
V114R,0.9856,LPath
V114S,0.7712,LPath
V114T,0.2806,LBen
V114W,0.9982,LPath
V114Y,0.9921,LPath
A115C,0.3645,Amb
A115D,0.5313,Amb
A115E,0.3629,Amb
A115F,0.4835,Amb
A115G,0.1052,LBen
A115H,0.4331,Amb
A115I,0.4253,Amb
A115K,0.4345,Amb
A115L,0.3011,LBen
A115M,0.3659,Amb
A115N,0.2779,LBen
A115P,0.9373,LPath
A115Q,0.2473,LBen
A115R,0.3639,Amb
A115S,0.093,LBen
A115T,0.1275,LBen
A115V,0.2159,LBen
A115W,0.8568,LPath
A115Y,0.6145,LPath
H116A,0.5604,Amb
H116C,0.334,LBen
H116D,0.8814,LPath
H116E,0.8865,LPath
H116F,0.2535,LBen
H116G,0.7665,LPath
H116I,0.7738,LPath
H116K,0.789,LPath
H116L,0.43,Amb
H116M,0.7924,LPath
H116N,0.5003,Amb
H116P,0.9502,LPath
H116Q,0.6679,LPath
H116R,0.4983,Amb
H116S,0.634,LPath
H116T,0.7445,LPath
H116V,0.6156,LPath
H116W,0.5902,LPath
H116Y,0.1541,LBen
A117C,0.477,Amb
A117D,0.9962,LPath
A117E,0.9954,LPath
A117F,0.9922,LPath
A117G,0.3437,Amb
A117H,0.9932,LPath
A117I,0.9386,LPath
A117K,0.9988,LPath
A117L,0.9054,LPath
A117M,0.9607,LPath
A117N,0.9857,LPath
A117P,0.9949,LPath
A117Q,0.9851,LPath
A117R,0.9925,LPath
A117S,0.2251,LBen
A117T,0.6299,LPath
A117V,0.69,LPath
A117W,0.9992,LPath
A117Y,0.9959,LPath
L118A,0.6596,LPath
L118C,0.8139,LPath
L118D,0.9905,LPath
L118E,0.9071,LPath
L118F,0.7787,LPath
L118G,0.9365,LPath
L118H,0.8723,LPath
L118I,0.1687,LBen
L118K,0.8622,LPath
L118M,0.298,LBen
L118N,0.8964,LPath
L118P,0.9922,LPath
L118Q,0.5624,Amb
L118R,0.7554,LPath
L118S,0.8757,LPath
L118T,0.6157,LPath
L118V,0.165,LBen
L118W,0.9223,LPath
L118Y,0.9514,LPath
A119C,0.3299,LBen
A119D,0.2136,LBen
A119E,0.1753,LBen
A119F,0.4862,Amb
A119G,0.0949,LBen
A119H,0.3374,LBen
A119I,0.4095,Amb
A119K,0.3111,LBen
A119L,0.2241,LBen
A119M,0.3017,LBen
A119N,0.1693,LBen
A119P,0.9123,LPath
A119Q,0.1784,LBen
A119R,0.2838,LBen
A119S,0.071,LBen
A119T,0.0901,LBen
A119V,0.2047,LBen
A119W,0.7285,LPath
A119Y,0.5377,Amb
E120A,0.1867,LBen
E120C,0.7648,LPath
E120D,0.2793,LBen
E120F,0.9044,LPath
E120G,0.2733,LBen
E120H,0.6218,LPath
E120I,0.715,LPath
E120K,0.5523,Amb
E120L,0.7057,LPath
E120M,0.6928,LPath
E120N,0.3032,LBen
E120P,0.9816,LPath
E120Q,0.1976,LBen
E120R,0.6752,LPath
E120S,0.2232,LBen
E120T,0.396,Amb
E120V,0.4475,Amb
E120W,0.9685,LPath
E120Y,0.8254,LPath
G121A,0.5976,LPath
G121C,0.6237,LPath
G121D,0.2896,LBen
G121E,0.5031,Amb
G121F,0.9718,LPath
G121H,0.7508,LPath
G121I,0.9291,LPath
G121K,0.7455,LPath
G121L,0.9457,LPath
G121M,0.9321,LPath
G121N,0.3808,Amb
G121P,0.9896,LPath
G121Q,0.5942,LPath
G121R,0.7525,LPath
G121S,0.2857,LBen
G121T,0.6593,LPath
G121V,0.84,LPath
G121W,0.9423,LPath
G121Y,0.8981,LPath
L122A,0.894,LPath
L122C,0.8419,LPath
L122D,0.9981,LPath
L122E,0.99,LPath
L122F,0.7836,LPath
L122G,0.9799,LPath
L122H,0.9799,LPath
L122I,0.2166,LBen
L122K,0.9809,LPath
L122M,0.3066,LBen
L122N,0.9852,LPath
L122P,0.9846,LPath
L122Q,0.9558,LPath
L122R,0.9646,LPath
L122S,0.9827,LPath
L122T,0.8982,LPath
L122V,0.232,LBen
L122W,0.9697,LPath
L122Y,0.9757,LPath
G123A,0.1861,LBen
G123C,0.2694,LBen
G123D,0.6228,LPath
G123E,0.5723,LPath
G123F,0.8248,LPath
G123H,0.5388,Amb
G123I,0.7199,LPath
G123K,0.6649,LPath
G123L,0.6946,LPath
G123M,0.6922,LPath
G123N,0.4263,Amb
G123P,0.9696,LPath
G123Q,0.4921,Amb
G123R,0.592,LPath
G123S,0.1463,LBen
G123T,0.2927,LBen
G123V,0.5359,Amb
G123W,0.7553,LPath
G123Y,0.6973,LPath
V124A,0.8113,LPath
V124C,0.9154,LPath
V124D,0.9945,LPath
V124E,0.9905,LPath
V124F,0.9551,LPath
V124G,0.871,LPath
V124H,0.9973,LPath
V124I,0.1638,LBen
V124K,0.9941,LPath
V124L,0.8583,LPath
V124M,0.9047,LPath
V124N,0.977,LPath
V124P,0.9462,LPath
V124Q,0.9898,LPath
V124R,0.988,LPath
V124S,0.92,LPath
V124T,0.8462,LPath
V124W,0.9991,LPath
V124Y,0.9951,LPath
I125A,0.9279,LPath
I125C,0.9618,LPath
I125D,0.9992,LPath
I125E,0.996,LPath
I125F,0.8553,LPath
I125G,0.9955,LPath
I125H,0.9971,LPath
I125K,0.9965,LPath
I125L,0.5237,Amb
I125M,0.3321,LBen
I125N,0.992,LPath
I125P,0.995,LPath
I125Q,0.9917,LPath
I125R,0.9934,LPath
I125S,0.9684,LPath
I125T,0.9305,LPath
I125V,0.2291,LBen
I125W,0.9947,LPath
I125Y,0.9915,LPath
A126C,0.42,Amb
A126D,0.9935,LPath
A126E,0.9918,LPath
A126F,0.7367,LPath
A126G,0.3722,Amb
A126H,0.9781,LPath
A126I,0.7032,LPath
A126K,0.9968,LPath
A126L,0.4576,Amb
A126M,0.7868,LPath
A126N,0.9679,LPath
A126P,0.5611,Amb
A126Q,0.9773,LPath
A126R,0.985,LPath
A126S,0.4032,Amb
A126T,0.5215,Amb
A126V,0.3509,Amb
A126W,0.9807,LPath
A126Y,0.9226,LPath
C127A,0.9559,LPath
C127D,0.9994,LPath
C127E,0.9999,LPath
C127F,0.9956,LPath
C127G,0.962,LPath
C127H,0.9994,LPath
C127I,0.9983,LPath
C127K,0.9999,LPath
C127L,0.9877,LPath
C127M,0.9971,LPath
C127N,0.9981,LPath
C127P,0.999,LPath
C127Q,0.9996,LPath
C127R,0.9981,LPath
C127S,0.9881,LPath
C127T,0.9926,LPath
C127V,0.9866,LPath
C127W,0.9995,LPath
C127Y,0.9992,LPath
I128A,0.8665,LPath
I128C,0.8369,LPath
I128D,0.9981,LPath
I128E,0.9954,LPath
I128F,0.755,LPath
I128G,0.9852,LPath
I128H,0.9921,LPath
I128K,0.9915,LPath
I128L,0.444,Amb
I128M,0.5814,LPath
I128N,0.9833,LPath
I128P,0.9842,LPath
I128Q,0.9904,LPath
I128R,0.9789,LPath
I128S,0.9427,LPath
I128T,0.6866,LPath
I128V,0.0917,LBen
I128W,0.9863,LPath
I128Y,0.9831,LPath
G129A,0.9899,LPath
G129C,0.9963,LPath
G129D,0.9985,LPath
G129E,0.9993,LPath
G129F,0.9996,LPath
G129H,0.9999,LPath
G129I,0.9994,LPath
G129K,0.9996,LPath
G129L,0.9991,LPath
G129M,0.9998,LPath
G129N,0.9996,LPath
G129P,0.9994,LPath
G129Q,0.9995,LPath
G129R,0.9981,LPath
G129S,0.992,LPath
G129T,0.9972,LPath
G129V,0.9983,LPath
G129W,0.9987,LPath
G129Y,0.9997,LPath
E130A,0.9949,LPath
E130C,0.9971,LPath
E130D,0.9959,LPath
E130F,0.9998,LPath
E130G,0.9834,LPath
E130H,0.9991,LPath
E130I,0.9992,LPath
E130K,0.9939,LPath
E130L,0.9988,LPath
E130M,0.9993,LPath
E130N,0.9989,LPath
E130P,0.9986,LPath
E130Q,0.9892,LPath
E130R,0.992,LPath
E130S,0.9976,LPath
E130T,0.9988,LPath
E130V,0.9979,LPath
E130W,0.9997,LPath
E130Y,0.9996,LPath
K131A,0.7842,LPath
K131C,0.8532,LPath
K131D,0.9346,LPath
K131E,0.7144,LPath
K131F,0.9619,LPath
K131G,0.8357,LPath
K131H,0.5802,LPath
K131I,0.8249,LPath
K131L,0.4537,Amb
K131M,0.4379,Amb
K131N,0.7665,LPath
K131P,0.9788,LPath
K131Q,0.3757,Amb
K131R,0.1734,LBen
K131S,0.8073,LPath
K131T,0.249,LBen
K131V,0.7042,LPath
K131W,0.9704,LPath
K131Y,0.9087,LPath
L132A,0.7257,LPath
L132C,0.9425,LPath
L132D,0.9795,LPath
L132E,0.8766,LPath
L132F,0.8339,LPath
L132G,0.9216,LPath
L132H,0.9184,LPath
L132I,0.3901,Amb
L132K,0.7566,LPath
L132M,0.4509,Amb
L132N,0.9275,LPath
L132P,0.9574,LPath
L132Q,0.7333,LPath
L132R,0.7649,LPath
L132S,0.94,LPath
L132T,0.8484,LPath
L132V,0.517,Amb
L132W,0.8818,LPath
L132Y,0.9103,LPath
D133A,0.1635,LBen
D133C,0.6812,LPath
D133E,0.1552,LBen
D133F,0.8145,LPath
D133G,0.2423,LBen
D133H,0.4697,Amb
D133I,0.55,Amb
D133K,0.632,LPath
D133L,0.5309,Amb
D133M,0.7834,LPath
D133N,0.2269,LBen
D133P,0.5627,Amb
D133Q,0.4144,Amb
D133R,0.667,LPath
D133S,0.163,LBen
D133T,0.3525,Amb
D133V,0.3264,LBen
D133W,0.9373,LPath
D133Y,0.5506,Amb
E134A,0.6776,LPath
E134C,0.9794,LPath
E134D,0.7125,LPath
E134F,0.9941,LPath
E134G,0.8549,LPath
E134H,0.9534,LPath
E134I,0.9522,LPath
E134K,0.8469,LPath
E134L,0.9499,LPath
E134M,0.9321,LPath
E134N,0.9208,LPath
E134P,0.993,LPath
E134Q,0.3294,LBen
E134R,0.9061,LPath
E134S,0.8744,LPath
E134T,0.896,LPath
E134V,0.8526,LPath
E134W,0.9985,LPath
E134Y,0.9901,LPath
R135A,0.9962,LPath
R135C,0.9767,LPath
R135D,0.9963,LPath
R135E,0.983,LPath
R135F,0.9954,LPath
R135G,0.9879,LPath
R135H,0.9009,LPath
R135I,0.9949,LPath
R135K,0.8593,LPath
R135L,0.9845,LPath
R135M,0.9958,LPath
R135N,0.9962,LPath
R135P,0.9988,LPath
R135Q,0.9366,LPath
R135S,0.9982,LPath
R135T,0.9972,LPath
R135V,0.9945,LPath
R135W,0.9386,LPath
R135Y,0.9738,LPath
E136A,0.573,LPath
E136C,0.9753,LPath
E136D,0.4546,Amb
E136F,0.9839,LPath
E136G,0.6597,LPath
E136H,0.917,LPath
E136I,0.8442,LPath
E136K,0.7458,LPath
E136L,0.8134,LPath
E136M,0.8679,LPath
E136N,0.6349,LPath
E136P,0.9907,LPath
E136Q,0.4678,Amb
E136R,0.8605,LPath
E136S,0.7319,LPath
E136T,0.7471,LPath
E136V,0.6859,LPath
E136W,0.9953,LPath
E136Y,0.967,LPath
A137C,0.5961,LPath
A137D,0.41,Amb
A137E,0.3647,Amb
A137F,0.7255,LPath
A137G,0.0999,LBen
A137H,0.6432,LPath
A137I,0.6757,LPath
A137K,0.4518,Amb
A137L,0.3908,Amb
A137M,0.4728,Amb
A137N,0.2725,LBen
A137P,0.9599,LPath
A137Q,0.2753,LBen
A137R,0.4124,Amb
A137S,0.098,LBen
A137T,0.2024,LBen
A137V,0.3783,Amb
A137W,0.9173,LPath
A137Y,0.7793,LPath
G138A,0.4977,Amb
G138C,0.6008,LPath
G138D,0.4024,Amb
G138E,0.6674,LPath
G138F,0.9687,LPath
G138H,0.7782,LPath
G138I,0.9467,LPath
G138K,0.8055,LPath
G138L,0.9158,LPath
G138M,0.924,LPath
G138N,0.3874,Amb
G138P,0.9912,LPath
G138Q,0.6759,LPath
G138R,0.7662,LPath
G138S,0.2938,LBen
G138T,0.7394,LPath
G138V,0.8658,LPath
G138W,0.9315,LPath
G138Y,0.9121,LPath
I139A,0.2499,LBen
I139C,0.5598,Amb
I139D,0.4488,Amb
I139E,0.2935,LBen
I139F,0.2687,LBen
I139G,0.5551,Amb
I139H,0.3921,Amb
I139K,0.2351,LBen
I139L,0.1389,LBen
I139M,0.113,LBen
I139N,0.1674,LBen
I139P,0.9625,LPath
I139Q,0.2231,LBen
I139R,0.2121,LBen
I139S,0.2302,LBen
I139T,0.1675,LBen
I139V,0.0877,LBen
I139W,0.764,LPath
I139Y,0.5427,Amb
T140A,0.6461,LPath
T140C,0.8851,LPath
T140D,0.9872,LPath
T140E,0.9707,LPath
T140F,0.9424,LPath
T140G,0.841,LPath
T140H,0.9299,LPath
T140I,0.9385,LPath
T140K,0.9628,LPath
T140L,0.7135,LPath
T140M,0.6291,LPath
T140N,0.932,LPath
T140P,0.9167,LPath
T140Q,0.9039,LPath
T140R,0.9382,LPath
T140S,0.7111,LPath
T140V,0.7903,LPath
T140W,0.9813,LPath
T140Y,0.9702,LPath
E141A,0.3862,Amb
E141C,0.9093,LPath
E141D,0.1824,LBen
E141F,0.8922,LPath
E141G,0.2645,LBen
E141H,0.715,LPath
E141I,0.7595,LPath
E141K,0.5192,Amb
E141L,0.6738,LPath
E141M,0.7141,LPath
E141N,0.4264,Amb
E141P,0.84,LPath
E141Q,0.2904,LBen
E141R,0.666,LPath
E141S,0.3977,Amb
E141T,0.4785,Amb
E141V,0.5683,LPath
E141W,0.9502,LPath
E141Y,0.8346,LPath
K142A,0.1901,LBen
K142C,0.7646,LPath
K142D,0.2001,LBen
K142E,0.1299,LBen
K142F,0.8789,LPath
K142G,0.3047,LBen
K142H,0.3241,LBen
K142I,0.4617,Amb
K142L,0.4226,Amb
K142M,0.2497,LBen
K142N,0.1966,LBen
K142P,0.8034,LPath
K142Q,0.0958,LBen
K142R,0.1193,LBen
K142S,0.2223,LBen
K142T,0.103,LBen
K142V,0.3602,Amb
K142W,0.8785,LPath
K142Y,0.749,LPath
V143A,0.8655,LPath
V143C,0.9633,LPath
V143D,0.9784,LPath
V143E,0.9561,LPath
V143F,0.877,LPath
V143G,0.8509,LPath
V143H,0.9659,LPath
V143I,0.1888,LBen
V143K,0.8918,LPath
V143L,0.8936,LPath
V143M,0.8869,LPath
V143N,0.9274,LPath
V143P,0.9824,LPath
V143Q,0.9301,LPath
V143R,0.8146,LPath
V143S,0.917,LPath
V143T,0.6614,LPath
V143W,0.989,LPath
V143Y,0.9667,LPath
V144A,0.8963,LPath
V144C,0.7608,LPath
V144D,0.9925,LPath
V144E,0.9909,LPath
V144F,0.9765,LPath
V144G,0.8929,LPath
V144H,0.9941,LPath
V144I,0.1757,LBen
V144K,0.9963,LPath
V144L,0.6985,LPath
V144M,0.9183,LPath
V144N,0.8177,LPath
V144P,0.9819,LPath
V144Q,0.9872,LPath
V144R,0.9867,LPath
V144S,0.8968,LPath
V144T,0.8381,LPath
V144W,0.9985,LPath
V144Y,0.9941,LPath
F145A,0.5498,Amb
F145C,0.3788,Amb
F145D,0.9252,LPath
F145E,0.8307,LPath
F145G,0.7669,LPath
F145H,0.7066,LPath
F145I,0.5111,Amb
F145K,0.9176,LPath
F145L,0.8719,LPath
F145M,0.5853,LPath
F145N,0.7821,LPath
F145P,0.9974,LPath
F145Q,0.777,LPath
F145R,0.8084,LPath
F145S,0.5315,Amb
F145T,0.6073,LPath
F145V,0.4566,Amb
F145W,0.4809,Amb
F145Y,0.2025,LBen
E146A,0.0957,LBen
E146C,0.6725,LPath
E146D,0.153,LBen
E146F,0.7894,LPath
E146G,0.0991,LBen
E146H,0.3434,Amb
E146I,0.5152,Amb
E146K,0.1977,LBen
E146L,0.377,Amb
E146M,0.517,Amb
E146N,0.2117,LBen
E146P,0.8788,LPath
E146Q,0.0939,LBen
E146R,0.2215,LBen
E146S,0.1205,LBen
E146T,0.1762,LBen
E146V,0.3238,LBen
E146W,0.8643,LPath
E146Y,0.6505,LPath
Q147A,0.8833,LPath
Q147C,0.9964,LPath
Q147D,0.9812,LPath
Q147E,0.5958,LPath
Q147F,0.9945,LPath
Q147G,0.8937,LPath
Q147H,0.9846,LPath
Q147I,0.9808,LPath
Q147K,0.9447,LPath
Q147L,0.9513,LPath
Q147M,0.8697,LPath
Q147N,0.9158,LPath
Q147P,0.9919,LPath
Q147R,0.9741,LPath
Q147S,0.8916,LPath
Q147T,0.9345,LPath
Q147V,0.9711,LPath
Q147W,0.9971,LPath
Q147Y,0.9957,LPath
T148A,0.2269,LBen
T148C,0.464,Amb
T148D,0.991,LPath
T148E,0.9691,LPath
T148F,0.8654,LPath
T148G,0.6072,LPath
T148H,0.9555,LPath
T148I,0.5191,Amb
T148K,0.9745,LPath
T148L,0.138,LBen
T148M,0.1219,LBen
T148N,0.8123,LPath
T148P,0.9848,LPath
T148Q,0.8981,LPath
T148R,0.9705,LPath
T148S,0.4907,Amb
T148V,0.2862,LBen
T148W,0.9848,LPath
T148Y,0.953,LPath
K149A,0.2992,LBen
K149C,0.6773,LPath
K149D,0.7903,LPath
K149E,0.2817,LBen
K149F,0.9429,LPath
K149G,0.4048,Amb
K149H,0.4942,Amb
K149I,0.6593,LPath
K149L,0.5694,LPath
K149M,0.37,Amb
K149N,0.5684,LPath
K149P,0.9731,LPath
K149Q,0.1375,LBen
K149R,0.1019,LBen
K149S,0.4174,Amb
K149T,0.2688,LBen
K149V,0.4768,Amb
K149W,0.9203,LPath
K149Y,0.8981,LPath
V150A,0.1096,LBen
V150C,0.4402,Amb
V150D,0.5596,Amb
V150E,0.513,Amb
V150F,0.1496,LBen
V150G,0.1659,LBen
V150H,0.424,Amb
V150I,0.1161,LBen
V150K,0.4019,Amb
V150L,0.3542,Amb
V150M,0.2533,LBen
V150N,0.2815,LBen
V150P,0.5036,Amb
V150Q,0.3479,Amb
V150R,0.3535,Amb
V150S,0.1697,LBen
V150T,0.203,LBen
V150W,0.7991,LPath
V150Y,0.4744,Amb
I151A,0.9195,LPath
I151C,0.9656,LPath
I151D,0.9992,LPath
I151E,0.9972,LPath
I151F,0.3786,Amb
I151G,0.9939,LPath
I151H,0.9938,LPath
I151K,0.9959,LPath
I151L,0.2128,LBen
I151M,0.2769,LBen
I151N,0.9928,LPath
I151P,0.9893,LPath
I151Q,0.993,LPath
I151R,0.9906,LPath
I151S,0.979,LPath
I151T,0.9124,LPath
I151V,0.224,LBen
I151W,0.9665,LPath
I151Y,0.9269,LPath
A152C,0.3931,Amb
A152D,0.9173,LPath
A152E,0.8124,LPath
A152F,0.714,LPath
A152G,0.2433,LBen
A152H,0.7592,LPath
A152I,0.4933,Amb
A152K,0.7923,LPath
A152L,0.4566,Amb
A152M,0.5096,Amb
A152N,0.7008,LPath
A152P,0.9829,LPath
A152Q,0.6118,LPath
A152R,0.6517,LPath
A152S,0.1354,LBen
A152T,0.1919,LBen
A152V,0.2247,LBen
A152W,0.9251,LPath
A152Y,0.8118,LPath
D153A,0.0972,LBen
D153C,0.5276,Amb
D153E,0.1578,LBen
D153F,0.777,LPath
D153G,0.1105,LBen
D153H,0.3609,Amb
D153I,0.5389,Amb
D153K,0.3045,LBen
D153L,0.4239,Amb
D153M,0.6353,LPath
D153N,0.1064,LBen
D153P,0.685,LPath
D153Q,0.2287,LBen
D153R,0.3516,Amb
D153S,0.0981,LBen
D153T,0.2089,LBen
D153V,0.302,LBen
D153W,0.8922,LPath
D153Y,0.4152,Amb
N154A,0.1661,LBen
N154C,0.1431,LBen
N154D,0.3746,Amb
N154E,0.4521,Amb
N154F,0.5057,Amb
N154G,0.2025,LBen
N154H,0.0644,LBen
N154I,0.2724,LBen
N154K,0.2656,LBen
N154L,0.3007,LBen
N154M,0.355,Amb
N154P,0.9075,LPath
N154Q,0.2417,LBen
N154R,0.2707,LBen
N154S,0.0803,LBen
N154T,0.126,LBen
N154V,0.2369,LBen
N154W,0.7515,LPath
N154Y,0.1888,LBen
V155A,0.7501,LPath
V155C,0.8581,LPath
V155D,0.9865,LPath
V155E,0.9654,LPath
V155F,0.8901,LPath
V155G,0.8341,LPath
V155H,0.9883,LPath
V155I,0.1153,LBen
V155K,0.9695,LPath
V155L,0.686,LPath
V155M,0.7607,LPath
V155N,0.9599,LPath
V155P,0.9687,LPath
V155Q,0.9493,LPath
V155R,0.9518,LPath
V155S,0.8981,LPath
V155T,0.7564,LPath
V155W,0.996,LPath
V155Y,0.9847,LPath
K156A,0.2059,LBen
K156C,0.676,LPath
K156D,0.3767,Amb
K156E,0.1519,LBen
K156F,0.8573,LPath
K156G,0.251,LBen
K156H,0.34,LBen
K156I,0.4856,Amb
K156L,0.42,Amb
K156M,0.3135,LBen
K156N,0.2813,LBen
K156P,0.4672,Amb
K156Q,0.1214,LBen
K156R,0.1153,LBen
K156S,0.1942,LBen
K156T,0.1031,LBen
K156V,0.3584,Amb
K156W,0.8768,LPath
K156Y,0.7891,LPath
D157A,0.6346,LPath
D157C,0.8675,LPath
D157E,0.4817,Amb
D157F,0.9283,LPath
D157G,0.6229,LPath
D157H,0.7944,LPath
D157I,0.8266,LPath
D157K,0.9033,LPath
D157L,0.8279,LPath
D157M,0.9361,LPath
D157N,0.3059,LBen
D157P,0.9543,LPath
D157Q,0.7981,LPath
D157R,0.9049,LPath
D157S,0.4805,Amb
D157T,0.7042,LPath
D157V,0.5917,LPath
D157W,0.9833,LPath
D157Y,0.6201,LPath
W158A,0.9954,LPath
W158C,0.9969,LPath
W158D,0.9986,LPath
W158E,0.9992,LPath
W158F,0.663,LPath
W158G,0.9733,LPath
W158H,0.9969,LPath
W158I,0.9925,LPath
W158K,0.9996,LPath
W158L,0.9772,LPath
W158M,0.9939,LPath
W158N,0.9989,LPath
W158P,0.9971,LPath
W158Q,0.9994,LPath
W158R,0.9988,LPath
W158S,0.9926,LPath
W158T,0.996,LPath
W158V,0.9922,LPath
W158Y,0.9251,LPath
S159A,0.1163,LBen
S159C,0.1581,LBen
S159D,0.2146,LBen
S159E,0.2517,LBen
S159F,0.5909,LPath
S159G,0.0659,LBen
S159H,0.3045,LBen
S159I,0.5147,Amb
S159K,0.3984,Amb
S159L,0.2996,LBen
S159M,0.3963,Amb
S159N,0.1184,LBen
S159P,0.4908,Amb
S159Q,0.2832,LBen
S159R,0.3969,Amb
S159T,0.1057,LBen
S159V,0.4102,Amb
S159W,0.6033,LPath
S159Y,0.4541,Amb
K160A,0.4587,Amb
K160C,0.6723,LPath
K160D,0.5774,LPath
K160E,0.3405,Amb
K160F,0.9208,LPath
K160G,0.4622,Amb
K160H,0.2701,LBen
K160I,0.7481,LPath
K160L,0.542,Amb
K160M,0.4374,Amb
K160N,0.3621,Amb
K160P,0.9273,LPath
K160Q,0.1482,LBen
K160R,0.0793,LBen
K160S,0.4075,Amb
K160T,0.293,LBen
K160V,0.6102,LPath
K160W,0.8814,LPath
K160Y,0.7922,LPath
V161A,0.8229,LPath
V161C,0.9364,LPath
V161D,0.9945,LPath
V161E,0.9897,LPath
V161F,0.8485,LPath
V161G,0.8538,LPath
V161H,0.9959,LPath
V161I,0.1314,LBen
V161K,0.9934,LPath
V161L,0.7383,LPath
V161M,0.7605,LPath
V161N,0.9821,LPath
V161P,0.9887,LPath
V161Q,0.9886,LPath
V161R,0.9879,LPath
V161S,0.9488,LPath
V161T,0.809,LPath
V161W,0.9961,LPath
V161Y,0.9837,LPath
V162A,0.895,LPath
V162C,0.9366,LPath
V162D,0.9953,LPath
V162E,0.9919,LPath
V162F,0.9629,LPath
V162G,0.918,LPath
V162H,0.9951,LPath
V162I,0.2862,LBen
V162K,0.9947,LPath
V162L,0.9458,LPath
V162M,0.9514,LPath
V162N,0.9848,LPath
V162P,0.9944,LPath
V162Q,0.9823,LPath
V162R,0.9821,LPath
V162S,0.9165,LPath
V162T,0.823,LPath
V162W,0.9979,LPath
V162Y,0.9927,LPath
L163A,0.9517,LPath
L163C,0.9274,LPath
L163D,0.9994,LPath
L163E,0.9971,LPath
L163F,0.6903,LPath
L163G,0.9948,LPath
L163H,0.9935,LPath
L163I,0.1336,LBen
L163K,0.9958,LPath
L163M,0.4437,Amb
L163N,0.9974,LPath
L163P,0.9847,LPath
L163Q,0.9926,LPath
L163R,0.9916,LPath
L163S,0.9947,LPath
L163T,0.969,LPath
L163V,0.1712,LBen
L163W,0.9545,LPath
L163Y,0.9763,LPath
A164C,0.9307,LPath
A164D,0.9979,LPath
A164E,0.9981,LPath
A164F,0.9958,LPath
A164G,0.8354,LPath
A164H,0.9978,LPath
A164I,0.9968,LPath
A164K,0.9994,LPath
A164L,0.9702,LPath
A164M,0.9966,LPath
A164N,0.9962,LPath
A164P,0.9904,LPath
A164Q,0.9934,LPath
A164R,0.9915,LPath
A164S,0.7991,LPath
A164T,0.9869,LPath
A164V,0.9892,LPath
A164W,0.9992,LPath
A164Y,0.998,LPath
Y165A,0.9958,LPath
Y165C,0.9637,LPath
Y165D,0.9959,LPath
Y165E,0.9991,LPath
Y165F,0.8088,LPath
Y165G,0.9859,LPath
Y165H,0.998,LPath
Y165I,0.9913,LPath
Y165K,0.9994,LPath
Y165L,0.9441,LPath
Y165M,0.9953,LPath
Y165N,0.9917,LPath
Y165P,0.9938,LPath
Y165Q,0.9993,LPath
Y165R,0.997,LPath
Y165S,0.979,LPath
Y165T,0.9954,LPath
Y165V,0.9689,LPath
Y165W,0.9058,LPath
E166A,0.9957,LPath
E166C,0.9949,LPath
E166D,0.9994,LPath
E166F,0.9998,LPath
E166G,0.9953,LPath
E166H,0.9989,LPath
E166I,0.9991,LPath
E166K,0.9977,LPath
E166L,0.9991,LPath
E166M,0.9996,LPath
E166N,0.9994,LPath
E166P,0.9986,LPath
E166Q,0.991,LPath
E166R,0.9963,LPath
E166S,0.9971,LPath
E166T,0.9992,LPath
E166V,0.9987,LPath
E166W,0.9998,LPath
E166Y,0.9996,LPath
P167A,0.9847,LPath
P167C,0.9991,LPath
P167D,0.9988,LPath
P167E,0.9992,LPath
P167F,0.9999,LPath
P167G,0.9957,LPath
P167H,0.9992,LPath
P167I,0.9994,LPath
P167K,0.9993,LPath
P167L,0.9951,LPath
P167M,0.9995,LPath
P167N,0.9994,LPath
P167Q,0.9994,LPath
P167R,0.9974,LPath
P167S,0.9987,LPath
P167T,0.9976,LPath
P167V,0.9974,LPath
P167W,0.9999,LPath
P167Y,0.9997,LPath
V168A,0.9814,LPath
V168C,0.9859,LPath
V168D,0.9985,LPath
V168E,0.9955,LPath
V168F,0.9833,LPath
V168G,0.9728,LPath
V168H,0.999,LPath
V168I,0.3011,LBen
V168K,0.9974,LPath
V168L,0.971,LPath
V168M,0.9837,LPath
V168N,0.9951,LPath
V168P,0.9909,LPath
V168Q,0.9907,LPath
V168R,0.9834,LPath
V168S,0.9757,LPath
V168T,0.9667,LPath
V168W,0.9991,LPath
V168Y,0.9968,LPath
W169A,0.9983,LPath
W169C,0.9996,LPath
W169D,0.9998,LPath
W169E,0.9998,LPath
W169F,0.9542,LPath
W169G,0.9947,LPath
W169H,0.9994,LPath
W169I,0.999,LPath
W169K,1.0,LPath
W169L,0.9959,LPath
W169M,0.9995,LPath
W169N,0.9999,LPath
W169P,0.9993,LPath
W169Q,0.9999,LPath
W169R,0.9999,LPath
W169S,0.9982,LPath
W169T,0.9992,LPath
W169V,0.9989,LPath
W169Y,0.9934,LPath
A170C,0.98,LPath
A170D,0.999,LPath
A170E,0.998,LPath
A170F,0.9957,LPath
A170G,0.9653,LPath
A170H,0.9976,LPath
A170I,0.999,LPath
A170K,0.9994,LPath
A170L,0.9794,LPath
A170M,0.996,LPath
A170N,0.9976,LPath
A170P,0.9985,LPath
A170Q,0.993,LPath
A170R,0.9919,LPath
A170S,0.8589,LPath
A170T,0.9968,LPath
A170V,0.9968,LPath
A170W,0.9989,LPath
A170Y,0.9971,LPath
I171A,0.9911,LPath
I171C,0.9998,LPath
I171D,0.9998,LPath
I171E,0.9988,LPath
I171F,0.9941,LPath
I171G,0.9992,LPath
I171H,0.9999,LPath
I171K,0.9989,LPath
I171L,0.9735,LPath
I171M,0.9756,LPath
I171N,0.9993,LPath
I171P,0.9977,LPath
I171Q,0.9992,LPath
I171R,0.9962,LPath
I171S,0.9961,LPath
I171T,0.9902,LPath
I171V,0.9068,LPath
I171W,0.9988,LPath
I171Y,0.9991,LPath
G172A,0.9934,LPath
G172C,0.9967,LPath
G172D,0.9996,LPath
G172E,0.9998,LPath
G172F,0.9993,LPath
G172H,0.9999,LPath
G172I,0.9991,LPath
G172K,0.9998,LPath
G172L,0.9988,LPath
G172M,0.9998,LPath
G172N,0.9997,LPath
G172P,0.9995,LPath
G172Q,0.9996,LPath
G172R,0.9988,LPath
G172S,0.9891,LPath
G172T,0.9974,LPath
G172V,0.9982,LPath
G172W,0.999,LPath
G172Y,0.9996,LPath
T173A,0.9621,LPath
T173C,0.9913,LPath
T173D,0.9927,LPath
T173E,0.9919,LPath
T173F,0.992,LPath
T173G,0.9416,LPath
T173H,0.9819,LPath
T173I,0.9945,LPath
T173K,0.9656,LPath
T173L,0.9609,LPath
T173M,0.9577,LPath
T173N,0.9684,LPath
T173P,0.9696,LPath
T173Q,0.9758,LPath
T173R,0.9589,LPath
T173S,0.9146,LPath
T173V,0.9776,LPath
T173W,0.9951,LPath
T173Y,0.9935,LPath
G174A,0.99,LPath
G174C,0.9937,LPath
G174D,0.9981,LPath
G174E,0.9989,LPath
G174F,0.9992,LPath
G174H,0.9993,LPath
G174I,0.9994,LPath
G174K,0.9984,LPath
G174L,0.9982,LPath
G174M,0.9994,LPath
G174N,0.9979,LPath
G174P,0.9991,LPath
G174Q,0.9977,LPath
G174R,0.9958,LPath
G174S,0.981,LPath
G174T,0.9962,LPath
G174V,0.9981,LPath
G174W,0.9982,LPath
G174Y,0.9993,LPath
K175A,0.9287,LPath
K175C,0.8969,LPath
K175D,0.9924,LPath
K175E,0.8102,LPath
K175F,0.9841,LPath
K175G,0.967,LPath
K175H,0.7568,LPath
K175I,0.6891,LPath
K175L,0.717,LPath
K175M,0.6917,LPath
K175N,0.9565,LPath
K175P,0.9962,LPath
K175Q,0.4691,Amb
K175R,0.1289,LBen
K175S,0.9754,LPath
K175T,0.8525,LPath
K175V,0.5545,Amb
K175W,0.9861,LPath
K175Y,0.9681,LPath
T176A,0.5552,Amb
T176C,0.8623,LPath
T176D,0.9856,LPath
T176E,0.9761,LPath
T176F,0.9445,LPath
T176G,0.8508,LPath
T176H,0.9124,LPath
T176I,0.6964,LPath
T176K,0.9241,LPath
T176L,0.7665,LPath
T176M,0.6566,LPath
T176N,0.6785,LPath
T176P,0.7904,LPath
T176Q,0.8777,LPath
T176R,0.8971,LPath
T176S,0.6515,LPath
T176V,0.2725,LBen
T176W,0.9882,LPath
T176Y,0.9585,LPath
A177C,0.9148,LPath
A177D,0.9988,LPath
A177E,0.9983,LPath
A177F,0.995,LPath
A177G,0.9351,LPath
A177H,0.9974,LPath
A177I,0.996,LPath
A177K,0.9989,LPath
A177L,0.9553,LPath
A177M,0.9915,LPath
A177N,0.9968,LPath
A177P,0.975,LPath
A177Q,0.9932,LPath
A177R,0.9889,LPath
A177S,0.8322,LPath
A177T,0.9832,LPath
A177V,0.9846,LPath
A177W,0.999,LPath
A177Y,0.9978,LPath
T178A,0.395,Amb
T178C,0.8643,LPath
T178D,0.8841,LPath
T178E,0.9088,LPath
T178F,0.9305,LPath
T178G,0.5514,Amb
T178H,0.8322,LPath
T178I,0.9106,LPath
T178K,0.8018,LPath
T178L,0.5619,Amb
T178M,0.5229,Amb
T178N,0.5553,Amb
T178P,0.7397,LPath
T178Q,0.7733,LPath
T178R,0.8427,LPath
T178S,0.1548,LBen
T178V,0.796,LPath
T178W,0.9837,LPath
T178Y,0.919,LPath
P179A,0.293,LBen
P179C,0.9463,LPath
P179D,0.98,LPath
P179E,0.9665,LPath
P179F,0.9894,LPath
P179G,0.7684,LPath
P179H,0.9226,LPath
P179I,0.9506,LPath
P179K,0.954,LPath
P179L,0.8261,LPath
P179M,0.9573,LPath
P179N,0.9592,LPath
P179Q,0.8879,LPath
P179R,0.8852,LPath
P179S,0.5999,LPath
P179T,0.6151,LPath
P179V,0.8111,LPath
P179W,0.9916,LPath
P179Y,0.9872,LPath
Q180A,0.099,LBen
Q180C,0.8282,LPath
Q180D,0.4289,Amb
Q180E,0.0849,LBen
Q180F,0.8316,LPath
Q180G,0.24,LBen
Q180H,0.4942,Amb
Q180I,0.4246,Amb
Q180K,0.1477,LBen
Q180L,0.1794,LBen
Q180M,0.4241,Amb
Q180N,0.4548,Amb
Q180P,0.3892,Amb
Q180R,0.1968,LBen
Q180S,0.2195,LBen
Q180T,0.2132,LBen
Q180V,0.2283,LBen
Q180W,0.8437,LPath
Q180Y,0.7808,LPath
Q181A,0.6741,LPath
Q181C,0.9903,LPath
Q181D,0.8324,LPath
Q181E,0.3708,Amb
Q181F,0.974,LPath
Q181G,0.8632,LPath
Q181H,0.9491,LPath
Q181I,0.7228,LPath
Q181K,0.8254,LPath
Q181L,0.607,LPath
Q181M,0.4712,Amb
Q181N,0.8748,LPath
Q181P,0.983,LPath
Q181R,0.9067,LPath
Q181S,0.8583,LPath
Q181T,0.7474,LPath
Q181V,0.6225,LPath
Q181W,0.9909,LPath
Q181Y,0.9832,LPath
A182C,0.886,LPath
A182D,0.996,LPath
A182E,0.9915,LPath
A182F,0.9876,LPath
A182G,0.8231,LPath
A182H,0.9943,LPath
A182I,0.9402,LPath
A182K,0.9956,LPath
A182L,0.9058,LPath
A182M,0.9628,LPath
A182N,0.9917,LPath
A182P,0.988,LPath
A182Q,0.9733,LPath
A182R,0.9715,LPath
A182S,0.6988,LPath
A182T,0.9104,LPath
A182V,0.7556,LPath
A182W,0.9969,LPath
A182Y,0.9941,LPath
Q183A,0.6033,LPath
Q183C,0.9884,LPath
Q183D,0.9856,LPath
Q183E,0.3462,Amb
Q183F,0.9973,LPath
Q183G,0.581,LPath
Q183H,0.9855,LPath
Q183I,0.985,LPath
Q183K,0.899,LPath
Q183L,0.9604,LPath
Q183M,0.9315,LPath
Q183N,0.8913,LPath
Q183P,0.9933,LPath
Q183R,0.8578,LPath
Q183S,0.7287,LPath
Q183T,0.9095,LPath
Q183V,0.9464,LPath
Q183W,0.997,LPath
Q183Y,0.9976,LPath
E184A,0.2306,LBen
E184C,0.9265,LPath
E184D,0.1839,LBen
E184F,0.9333,LPath
E184G,0.3976,Amb
E184H,0.8406,LPath
E184I,0.6442,LPath
E184K,0.6608,LPath
E184L,0.6678,LPath
E184M,0.6852,LPath
E184N,0.6095,LPath
E184P,0.9911,LPath
E184Q,0.347,Amb
E184R,0.8089,LPath
E184S,0.4368,Amb
E184T,0.4548,Amb
E184V,0.4206,Amb
E184W,0.9794,LPath
E184Y,0.8792,LPath
V185A,0.7662,LPath
V185C,0.954,LPath
V185D,0.9795,LPath
V185E,0.9751,LPath
V185F,0.8773,LPath
V185G,0.7854,LPath
V185H,0.9914,LPath
V185I,0.2174,LBen
V185K,0.987,LPath
V185L,0.9253,LPath
V185M,0.788,LPath
V185N,0.9164,LPath
V185P,0.9926,LPath
V185Q,0.962,LPath
V185R,0.9732,LPath
V185S,0.83,LPath
V185T,0.5995,LPath
V185W,0.9961,LPath
V185Y,0.9809,LPath
H186A,0.9647,LPath
H186C,0.5302,Amb
H186D,0.9958,LPath
H186E,0.9918,LPath
H186F,0.98,LPath
H186G,0.9702,LPath
H186I,0.9849,LPath
H186K,0.9904,LPath
H186L,0.9086,LPath
H186M,0.9439,LPath
H186N,0.9609,LPath
H186P,0.9863,LPath
H186Q,0.9376,LPath
H186R,0.9851,LPath
H186S,0.9642,LPath
H186T,0.9858,LPath
H186V,0.9861,LPath
H186W,0.9577,LPath
H186Y,0.9804,LPath
E187A,0.0892,LBen
E187C,0.629,LPath
E187D,0.2173,LBen
E187F,0.632,LPath
E187G,0.0895,LBen
E187H,0.3558,Amb
E187I,0.3803,Amb
E187K,0.1746,LBen
E187L,0.3276,LBen
E187M,0.3824,Amb
E187N,0.2913,LBen
E187P,0.9792,LPath
E187Q,0.0901,LBen
E187R,0.2739,LBen
E187S,0.1442,LBen
E187T,0.1924,LBen
E187V,0.2179,LBen
E187W,0.8591,LPath
E187Y,0.5669,LPath
K188A,0.2663,LBen
K188C,0.5827,LPath
K188D,0.7139,LPath
K188E,0.3768,Amb
K188F,0.7174,LPath
K188G,0.3863,Amb
K188H,0.3124,LBen
K188I,0.3576,Amb
K188L,0.2953,LBen
K188M,0.1887,LBen
K188N,0.4323,Amb
K188P,0.9801,LPath
K188Q,0.1409,LBen
K188R,0.1241,LBen
K188S,0.3839,Amb
K188T,0.1556,LBen
K188V,0.3006,LBen
K188W,0.8534,LPath
K188Y,0.6362,LPath
L189A,0.9255,LPath
L189C,0.9291,LPath
L189D,0.9989,LPath
L189E,0.9929,LPath
L189F,0.9533,LPath
L189G,0.9856,LPath
L189H,0.9916,LPath
L189I,0.2433,LBen
L189K,0.9922,LPath
L189M,0.5684,LPath
L189N,0.9904,LPath
L189P,0.9956,LPath
L189Q,0.9812,LPath
L189R,0.9848,LPath
L189S,0.9889,LPath
L189T,0.8936,LPath
L189V,0.2583,LBen
L189W,0.987,LPath
L189Y,0.9896,LPath
R190A,0.9932,LPath
R190C,0.9197,LPath
R190D,0.998,LPath
R190E,0.9864,LPath
R190F,0.9977,LPath
R190G,0.9827,LPath
R190H,0.9172,LPath
R190I,0.9938,LPath
R190K,0.9205,LPath
R190L,0.9789,LPath
R190M,0.9982,LPath
R190N,0.9983,LPath
R190P,0.9953,LPath
R190Q,0.9344,LPath
R190S,0.9964,LPath
R190T,0.9961,LPath
R190V,0.9931,LPath
R190W,0.9457,LPath
R190Y,0.9906,LPath
G191A,0.0898,LBen
G191C,0.1561,LBen
G191D,0.2041,LBen
G191E,0.1794,LBen
G191F,0.4378,Amb
G191H,0.2905,LBen
G191I,0.1933,LBen
G191K,0.3316,LBen
G191L,0.2254,LBen
G191M,0.3166,LBen
G191N,0.1895,LBen
G191P,0.9565,LPath
G191Q,0.2156,LBen
G191R,0.3111,LBen
G191S,0.1017,LBen
G191T,0.103,LBen
G191V,0.1187,LBen
G191W,0.4102,Amb
G191Y,0.3592,Amb
W192A,0.9837,LPath
W192C,0.9775,LPath
W192D,0.9967,LPath
W192E,0.9946,LPath
W192F,0.341,Amb
W192G,0.9648,LPath
W192H,0.9563,LPath
W192I,0.9723,LPath
W192K,0.9972,LPath
W192L,0.9415,LPath
W192M,0.9775,LPath
W192N,0.9952,LPath
W192P,0.9994,LPath
W192Q,0.9937,LPath
W192R,0.9932,LPath
W192S,0.9792,LPath
W192T,0.9859,LPath
W192V,0.9615,LPath
W192Y,0.6605,LPath
L193A,0.9511,LPath
L193C,0.8582,LPath
L193D,0.9993,LPath
L193E,0.9944,LPath
L193F,0.5143,Amb
L193G,0.9881,LPath
L193H,0.9869,LPath
L193I,0.2102,LBen
L193K,0.9922,LPath
L193M,0.2393,LBen
L193N,0.9947,LPath
L193P,0.9956,LPath
L193Q,0.9761,LPath
L193R,0.9845,LPath
L193S,0.9928,LPath
L193T,0.9705,LPath
L193V,0.2859,LBen
L193W,0.9141,LPath
L193Y,0.9562,LPath
K194A,0.2072,LBen
K194C,0.4854,Amb
K194D,0.6453,LPath
K194E,0.2236,LBen
K194F,0.7138,LPath
K194G,0.2767,LBen
K194H,0.2437,LBen
K194I,0.354,Amb
K194L,0.3227,LBen
K194M,0.217,LBen
K194N,0.3859,Amb
K194P,0.9372,LPath
K194Q,0.0946,LBen
K194R,0.0785,LBen
K194S,0.2564,LBen
K194T,0.1405,LBen
K194V,0.2852,LBen
K194W,0.7976,LPath
K194Y,0.6363,LPath
S195A,0.0707,LBen
S195C,0.1151,LBen
S195D,0.159,LBen
S195E,0.1667,LBen
S195F,0.3099,LBen
S195G,0.0754,LBen
S195H,0.2198,LBen
S195I,0.1855,LBen
S195K,0.324,LBen
S195L,0.1365,LBen
S195M,0.1782,LBen
S195N,0.0915,LBen
S195P,0.8169,LPath
S195Q,0.1858,LBen
S195R,0.3442,Amb
S195T,0.073,LBen
S195V,0.1661,LBen
S195W,0.3766,Amb
S195Y,0.2339,LBen
N196A,0.2334,LBen
N196C,0.2196,LBen
N196D,0.4064,Amb
N196E,0.368,Amb
N196F,0.5871,LPath
N196G,0.3703,Amb
N196H,0.0505,LBen
N196I,0.3935,Amb
N196K,0.2895,LBen
N196L,0.4732,Amb
N196M,0.4408,Amb
N196P,0.9435,LPath
N196Q,0.236,LBen
N196R,0.2568,LBen
N196S,0.0997,LBen
N196T,0.1559,LBen
N196V,0.2602,LBen
N196W,0.7858,LPath
N196Y,0.2447,LBen
V197A,0.519,Amb
V197C,0.753,LPath
V197D,0.9534,LPath
V197E,0.9198,LPath
V197F,0.5467,Amb
V197G,0.6517,LPath
V197H,0.923,LPath
V197I,0.1009,LBen
V197K,0.8836,LPath
V197L,0.5187,Amb
V197M,0.5871,LPath
V197N,0.8749,LPath
V197P,0.9527,LPath
V197Q,0.8661,LPath
V197R,0.8349,LPath
V197S,0.7357,LPath
V197T,0.5475,Amb
V197W,0.9762,LPath
V197Y,0.8868,LPath
S198A,0.2405,LBen
S198C,0.1907,LBen
S198D,0.5169,Amb
S198E,0.886,LPath
S198F,0.8675,LPath
S198G,0.0897,LBen
S198H,0.7851,LPath
S198I,0.8516,LPath
S198K,0.9604,LPath
S198L,0.5153,Amb
S198M,0.6991,LPath
S198N,0.2748,LBen
S198P,0.8177,LPath
S198Q,0.8797,LPath
S198R,0.9468,LPath
S198T,0.1853,LBen
S198V,0.7454,LPath
S198W,0.8639,LPath
S198Y,0.801,LPath
D199A,0.1309,LBen
D199C,0.5756,LPath
D199E,0.109,LBen
D199F,0.6498,LPath
D199G,0.1667,LBen
D199H,0.3193,LBen
D199I,0.423,Amb
D199K,0.3495,Amb
D199L,0.3245,LBen
D199M,0.5768,LPath
D199N,0.1451,LBen
D199P,0.2656,LBen
D199Q,0.2698,LBen
D199R,0.4263,Amb
D199S,0.1322,LBen
D199T,0.2249,LBen
D199V,0.222,LBen
D199W,0.8775,LPath
D199Y,0.3527,Amb
A200C,0.365,Amb
A200D,0.1122,LBen
A200E,0.1297,LBen
A200F,0.3621,Amb
A200G,0.117,LBen
A200H,0.2899,LBen
A200I,0.2254,LBen
A200K,0.2636,LBen
A200L,0.1711,LBen
A200M,0.232,LBen
A200N,0.1523,LBen
A200P,0.276,LBen
A200Q,0.1829,LBen
A200R,0.288,LBen
A200S,0.0801,LBen
A200T,0.0749,LBen
A200V,0.118,LBen
A200W,0.6735,LPath
A200Y,0.4384,Amb
V201A,0.292,LBen
V201C,0.9031,LPath
V201D,0.9343,LPath
V201E,0.8727,LPath
V201F,0.7352,LPath
V201G,0.6681,LPath
V201H,0.9598,LPath
V201I,0.1322,LBen
V201K,0.9181,LPath
V201L,0.6827,LPath
V201M,0.5567,Amb
V201N,0.8637,LPath
V201P,0.9168,LPath
V201Q,0.8447,LPath
V201R,0.8952,LPath
V201S,0.6269,LPath
V201T,0.326,LBen
V201W,0.9904,LPath
V201Y,0.9633,LPath
A202C,0.7394,LPath
A202D,0.9735,LPath
A202E,0.9466,LPath
A202F,0.932,LPath
A202G,0.1458,LBen
A202H,0.9444,LPath
A202I,0.958,LPath
A202K,0.9848,LPath
A202L,0.884,LPath
A202M,0.9164,LPath
A202N,0.9385,LPath
A202P,0.967,LPath
A202Q,0.8752,LPath
A202R,0.9388,LPath
A202S,0.0893,LBen
A202T,0.7205,LPath
A202V,0.8327,LPath
A202W,0.9803,LPath
A202Y,0.9486,LPath
Q203A,0.1044,LBen
Q203C,0.6057,LPath
Q203D,0.1878,LBen
Q203E,0.0796,LBen
Q203F,0.7207,LPath
Q203G,0.1376,LBen
Q203H,0.2495,LBen
Q203I,0.4754,Amb
Q203K,0.1166,LBen
Q203L,0.1711,LBen
Q203M,0.3836,Amb
Q203N,0.167,LBen
Q203P,0.5443,Amb
Q203R,0.1298,LBen
Q203S,0.117,LBen
Q203T,0.1453,LBen
Q203V,0.2701,LBen
Q203W,0.6781,LPath
Q203Y,0.5569,Amb
S204A,0.0803,LBen
S204C,0.1318,LBen
S204D,0.3276,LBen
S204E,0.3375,LBen
S204F,0.3572,Amb
S204G,0.0795,LBen
S204H,0.3216,LBen
S204I,0.3434,Amb
S204K,0.5277,Amb
S204L,0.2106,LBen
S204M,0.2586,LBen
S204N,0.1335,LBen
S204P,0.8786,LPath
S204Q,0.3032,LBen
S204R,0.5244,Amb
S204T,0.0914,LBen
S204V,0.284,LBen
S204W,0.5654,LPath
S204Y,0.3346,LBen
T205A,0.1644,LBen
T205C,0.3637,Amb
T205D,0.9821,LPath
T205E,0.9443,LPath
T205F,0.7953,LPath
T205G,0.6792,LPath
T205H,0.8942,LPath
T205I,0.206,LBen
T205K,0.9083,LPath
T205L,0.1222,LBen
T205M,0.1352,LBen
T205N,0.7553,LPath
T205P,0.8586,LPath
T205Q,0.7982,LPath
T205R,0.8872,LPath
T205S,0.3868,Amb
T205V,0.1036,LBen
T205W,0.9738,LPath
T205Y,0.9221,LPath
R206A,0.9641,LPath
R206C,0.8159,LPath
R206D,0.9956,LPath
R206E,0.9767,LPath
R206F,0.9977,LPath
R206G,0.96,LPath
R206H,0.8849,LPath
R206I,0.9721,LPath
R206K,0.8028,LPath
R206L,0.9616,LPath
R206M,0.9884,LPath
R206N,0.9933,LPath
R206P,0.975,LPath
R206Q,0.7115,LPath
R206S,0.9788,LPath
R206T,0.9653,LPath
R206V,0.9587,LPath
R206W,0.9645,LPath
R206Y,0.9922,LPath
I207A,0.992,LPath
I207C,0.976,LPath
I207D,0.9996,LPath
I207E,0.9986,LPath
I207F,0.9244,LPath
I207G,0.9978,LPath
I207H,0.9982,LPath
I207K,0.9972,LPath
I207L,0.5342,Amb
I207M,0.6845,LPath
I207N,0.9939,LPath
I207P,0.9976,LPath
I207Q,0.9973,LPath
I207R,0.9951,LPath
I207S,0.9935,LPath
I207T,0.9937,LPath
I207V,0.3016,LBen
I207W,0.996,LPath
I207Y,0.9911,LPath
I208A,0.9543,LPath
I208C,0.9798,LPath
I208D,0.9996,LPath
I208E,0.9969,LPath
I208F,0.9784,LPath
I208G,0.9951,LPath
I208H,0.9991,LPath
I208K,0.9978,LPath
I208L,0.3318,LBen
I208M,0.6187,LPath
I208N,0.9923,LPath
I208P,0.9978,LPath
I208Q,0.9856,LPath
I208R,0.9964,LPath
I208S,0.9796,LPath
I208T,0.9512,LPath
I208V,0.321,LBen
I208W,0.9993,LPath
I208Y,0.9981,LPath
Y209A,0.994,LPath
Y209C,0.971,LPath
Y209D,0.9966,LPath
Y209E,0.9994,LPath
Y209F,0.8449,LPath
Y209G,0.9707,LPath
Y209H,0.9983,LPath
Y209I,0.9884,LPath
Y209K,0.9993,LPath
Y209L,0.926,LPath
Y209M,0.9958,LPath
Y209N,0.9924,LPath
Y209P,0.9914,LPath
Y209Q,0.9994,LPath
Y209R,0.9962,LPath
Y209S,0.972,LPath
Y209T,0.9934,LPath
Y209V,0.9767,LPath
Y209W,0.9603,LPath
G210A,0.9867,LPath
G210C,0.9967,LPath
G210D,0.9994,LPath
G210E,0.9997,LPath
G210F,0.9995,LPath
G210H,0.9999,LPath
G210I,0.9994,LPath
G210K,0.9996,LPath
G210L,0.9987,LPath
G210M,0.9998,LPath
G210N,0.9998,LPath
G210P,0.9996,LPath
G210Q,0.9996,LPath
G210R,0.9981,LPath
G210S,0.9949,LPath
G210T,0.9976,LPath
G210V,0.9984,LPath
G210W,0.9987,LPath
G210Y,0.9995,LPath
G211A,0.9914,LPath
G211C,0.9977,LPath
G211D,0.9988,LPath
G211E,0.9992,LPath
G211F,0.9991,LPath
G211H,0.9999,LPath
G211I,0.9988,LPath
G211K,0.9995,LPath
G211L,0.9989,LPath
G211M,0.9998,LPath
G211N,0.9996,LPath
G211P,0.9994,LPath
G211Q,0.9997,LPath
G211R,0.9986,LPath
G211S,0.995,LPath
G211T,0.9986,LPath
G211V,0.998,LPath
G211W,0.9982,LPath
G211Y,0.9993,LPath
S212A,0.9015,LPath
S212C,0.9809,LPath
S212D,0.9964,LPath
S212E,0.9944,LPath
S212F,0.9939,LPath
S212G,0.9655,LPath
S212H,0.9926,LPath
S212I,0.9964,LPath
S212K,0.9985,LPath
S212L,0.9953,LPath
S212M,0.9903,LPath
S212N,0.9945,LPath
S212P,0.9965,LPath
S212Q,0.9939,LPath
S212R,0.9982,LPath
S212T,0.9403,LPath
S212V,0.9963,LPath
S212W,0.9881,LPath
S212Y,0.9942,LPath
V213A,0.9521,LPath
V213C,0.9636,LPath
V213D,0.9988,LPath
V213E,0.9981,LPath
V213F,0.9936,LPath
V213G,0.9653,LPath
V213H,0.9994,LPath
V213I,0.6985,LPath
V213K,0.9977,LPath
V213L,0.9887,LPath
V213M,0.9895,LPath
V213N,0.9955,LPath
V213P,0.9934,LPath
V213Q,0.9946,LPath
V213R,0.9889,LPath
V213S,0.9767,LPath
V213T,0.9663,LPath
V213W,0.9999,LPath
V213Y,0.9989,LPath
T214A,0.5821,LPath
T214C,0.8753,LPath
T214D,0.9204,LPath
T214E,0.9806,LPath
T214F,0.9584,LPath
T214G,0.5687,LPath
T214H,0.8244,LPath
T214I,0.9484,LPath
T214K,0.7273,LPath
T214L,0.7554,LPath
T214M,0.7321,LPath
T214N,0.2767,LBen
T214P,0.8669,LPath
T214Q,0.8248,LPath
T214R,0.7862,LPath
T214S,0.3456,Amb
T214V,0.8373,LPath
T214W,0.9867,LPath
T214Y,0.9462,LPath
G215A,0.1277,LBen
G215C,0.6995,LPath
G215D,0.9145,LPath
G215E,0.897,LPath
G215F,0.9563,LPath
G215H,0.9212,LPath
G215I,0.8778,LPath
G215K,0.8823,LPath
G215L,0.8706,LPath
G215M,0.9131,LPath
G215N,0.8585,LPath
G215P,0.8082,LPath
G215Q,0.8432,LPath
G215R,0.8273,LPath
G215S,0.2579,LBen
G215T,0.5776,LPath
G215V,0.6918,LPath
G215W,0.9455,LPath
G215Y,0.9464,LPath
A216C,0.5597,Amb
A216D,0.4215,Amb
A216E,0.4424,Amb
A216F,0.5941,LPath
A216G,0.0893,LBen
A216H,0.5517,Amb
A216I,0.4317,Amb
A216K,0.4281,Amb
A216L,0.303,LBen
A216M,0.4054,Amb
A216N,0.2341,LBen
A216P,0.3636,Amb
A216Q,0.3058,LBen
A216R,0.5192,Amb
A216S,0.0912,LBen
A216T,0.1087,LBen
A216V,0.2115,LBen
A216W,0.9016,LPath
A216Y,0.7275,LPath
T217A,0.2925,LBen
T217C,0.8067,LPath
T217D,0.8631,LPath
T217E,0.9361,LPath
T217F,0.912,LPath
T217G,0.3362,LBen
T217H,0.7327,LPath
T217I,0.8664,LPath
T217K,0.8659,LPath
T217L,0.6438,LPath
T217M,0.6197,LPath
T217N,0.108,LBen
T217P,0.8119,LPath
T217Q,0.7686,LPath
T217R,0.8355,LPath
T217S,0.1447,LBen
T217V,0.6792,LPath
T217W,0.9815,LPath
T217Y,0.8807,LPath
C218A,0.6531,LPath
C218D,0.9987,LPath
C218E,0.9992,LPath
C218F,0.9844,LPath
C218G,0.7884,LPath
C218H,0.9957,LPath
C218I,0.9912,LPath
C218K,0.9995,LPath
C218L,0.9879,LPath
C218M,0.9925,LPath
C218N,0.9932,LPath
C218P,0.9982,LPath
C218Q,0.9964,LPath
C218R,0.9934,LPath
C218S,0.6936,LPath
C218T,0.9606,LPath
C218V,0.9499,LPath
C218W,0.9959,LPath
C218Y,0.994,LPath
K219A,0.3361,LBen
K219C,0.6791,LPath
K219D,0.7079,LPath
K219E,0.267,LBen
K219F,0.8564,LPath
K219G,0.3542,Amb
K219H,0.3949,Amb
K219I,0.4795,Amb
K219L,0.4516,Amb
K219M,0.3536,Amb
K219N,0.5498,Amb
K219P,0.7155,LPath
K219Q,0.144,LBen
K219R,0.0809,LBen
K219S,0.4434,Amb
K219T,0.2376,LBen
K219V,0.3559,Amb
K219W,0.842,LPath
K219Y,0.7886,LPath
E220A,0.2489,LBen
E220C,0.9413,LPath
E220D,0.1499,LBen
E220F,0.9357,LPath
E220G,0.2958,LBen
E220H,0.859,LPath
E220I,0.657,LPath
E220K,0.7055,LPath
E220L,0.7067,LPath
E220M,0.7631,LPath
E220N,0.5703,LPath
E220P,0.8473,LPath
E220Q,0.3916,Amb
E220R,0.8294,LPath
E220S,0.3733,Amb
E220T,0.4052,Amb
E220V,0.4364,Amb
E220W,0.9832,LPath
E220Y,0.875,LPath
L221A,0.965,LPath
L221C,0.9916,LPath
L221D,0.9988,LPath
L221E,0.9946,LPath
L221F,0.9199,LPath
L221G,0.99,LPath
L221H,0.9912,LPath
L221I,0.4554,Amb
L221K,0.9872,LPath
L221M,0.7092,LPath
L221N,0.9893,LPath
L221P,0.9941,LPath
L221Q,0.9901,LPath
L221R,0.9785,LPath
L221S,0.9959,LPath
L221T,0.9688,LPath
L221V,0.7469,LPath
L221W,0.9746,LPath
L221Y,0.9688,LPath
A222C,0.7643,LPath
A222D,0.9859,LPath
A222E,0.9783,LPath
A222F,0.9148,LPath
A222G,0.2109,LBen
A222H,0.9677,LPath
A222I,0.8939,LPath
A222K,0.99,LPath
A222L,0.8069,LPath
A222M,0.8987,LPath
A222N,0.9604,LPath
A222P,0.9832,LPath
A222Q,0.9364,LPath
A222R,0.9645,LPath
A222S,0.2135,LBen
A222T,0.7505,LPath
A222V,0.7533,LPath
A222W,0.9856,LPath
A222Y,0.9519,LPath
S223A,0.0661,LBen
S223C,0.1103,LBen
S223D,0.451,Amb
S223E,0.4236,Amb
S223F,0.3118,LBen
S223G,0.0645,LBen
S223H,0.3637,Amb
S223I,0.2442,LBen
S223K,0.4805,Amb
S223L,0.1317,LBen
S223M,0.2217,LBen
S223N,0.1855,LBen
S223P,0.7346,LPath
S223Q,0.3125,LBen
S223R,0.4338,Amb
S223T,0.1031,LBen
S223V,0.1853,LBen
S223W,0.5018,Amb
S223Y,0.3572,Amb
Q224A,0.4383,Amb
Q224C,0.4914,Amb
Q224D,0.9695,LPath
Q224E,0.2565,LBen
Q224F,0.8648,LPath
Q224G,0.5781,LPath
Q224H,0.6826,LPath
Q224I,0.7483,LPath
Q224K,0.2239,LBen
Q224L,0.2337,LBen
Q224M,0.3412,Amb
Q224N,0.8007,LPath
Q224P,0.9353,LPath
Q224R,0.2685,LBen
Q224S,0.6508,LPath
Q224T,0.6515,LPath
Q224V,0.4956,Amb
Q224W,0.9321,LPath
Q224Y,0.8344,LPath
P225A,0.085,LBen
P225C,0.542,Amb
P225D,0.3287,LBen
P225E,0.2358,LBen
P225F,0.7605,LPath
P225G,0.2405,LBen
P225H,0.2528,LBen
P225I,0.4774,Amb
P225K,0.1976,LBen
P225L,0.2275,LBen
P225M,0.4353,Amb
P225N,0.3055,LBen
P225Q,0.1535,LBen
P225R,0.1722,LBen
P225S,0.1546,LBen
P225T,0.1437,LBen
P225V,0.2872,LBen
P225W,0.8095,LPath
P225Y,0.6805,LPath
D226A,0.8945,LPath
D226C,0.9767,LPath
D226E,0.9318,LPath
D226F,0.9857,LPath
D226G,0.8925,LPath
D226H,0.9461,LPath
D226I,0.9892,LPath
D226K,0.9931,LPath
D226L,0.973,LPath
D226M,0.9947,LPath
D226N,0.7381,LPath
D226P,0.9936,LPath
D226Q,0.982,LPath
D226R,0.9873,LPath
D226S,0.8263,LPath
D226T,0.964,LPath
D226V,0.9515,LPath
D226W,0.997,LPath
D226Y,0.9243,LPath
V227A,0.9622,LPath
V227C,0.97,LPath
V227D,0.9965,LPath
V227E,0.9924,LPath
V227F,0.9818,LPath
V227G,0.9543,LPath
V227H,0.9987,LPath
V227I,0.1139,LBen
V227K,0.9935,LPath
V227L,0.6962,LPath
V227M,0.9111,LPath
V227N,0.9892,LPath
V227P,0.9921,LPath
V227Q,0.9942,LPath
V227R,0.9869,LPath
V227S,0.9807,LPath
V227T,0.8995,LPath
V227W,0.9991,LPath
V227Y,0.997,LPath
D228A,0.9782,LPath
D228C,0.9971,LPath
D228E,0.9914,LPath
D228F,0.9985,LPath
D228G,0.9743,LPath
D228H,0.9951,LPath
D228I,0.9988,LPath
D228K,0.9984,LPath
D228L,0.9966,LPath
D228M,0.9995,LPath
D228N,0.959,LPath
D228P,0.9981,LPath
D228Q,0.9969,LPath
D228R,0.9957,LPath
D228S,0.9623,LPath
D228T,0.9946,LPath
D228V,0.9944,LPath
D228W,0.9993,LPath
D228Y,0.9882,LPath
G229A,0.9902,LPath
G229C,0.996,LPath
G229D,0.9993,LPath
G229E,0.9997,LPath
G229F,0.9995,LPath
G229H,0.9999,LPath
G229I,0.9993,LPath
G229K,0.9998,LPath
G229L,0.9995,LPath
G229M,0.9999,LPath
G229N,0.9997,LPath
G229P,0.9998,LPath
G229Q,0.9997,LPath
G229R,0.9988,LPath
G229S,0.9938,LPath
G229T,0.9983,LPath
G229V,0.9983,LPath
G229W,0.9989,LPath
G229Y,0.9993,LPath
F230A,0.9932,LPath
F230C,0.9721,LPath
F230D,0.999,LPath
F230E,0.9994,LPath
F230G,0.9903,LPath
F230H,0.9959,LPath
F230I,0.9894,LPath
F230K,0.9994,LPath
F230L,0.9983,LPath
F230M,0.993,LPath
F230N,0.9974,LPath
F230P,0.9999,LPath
F230Q,0.9987,LPath
F230R,0.9973,LPath
F230S,0.9965,LPath
F230T,0.999,LPath
F230V,0.9884,LPath
F230W,0.9626,LPath
F230Y,0.8627,LPath
L231A,0.9874,LPath
L231C,0.9918,LPath
L231D,0.9996,LPath
L231E,0.9989,LPath
L231F,0.9542,LPath
L231G,0.9934,LPath
L231H,0.9972,LPath
L231I,0.933,LPath
L231K,0.9971,LPath
L231M,0.9543,LPath
L231N,0.9983,LPath
L231P,0.9982,LPath
L231Q,0.9982,LPath
L231R,0.9918,LPath
L231S,0.9981,LPath
L231T,0.9951,LPath
L231V,0.9685,LPath
L231W,0.9867,LPath
L231Y,0.9897,LPath
V232A,0.9794,LPath
V232C,0.9912,LPath
V232D,0.9973,LPath
V232E,0.9971,LPath
V232F,0.9937,LPath
V232G,0.9465,LPath
V232H,0.9992,LPath
V232I,0.5725,LPath
V232K,0.9968,LPath
V232L,0.9893,LPath
V232M,0.9974,LPath
V232N,0.9964,LPath
V232P,0.9755,LPath
V232Q,0.9963,LPath
V232R,0.9804,LPath
V232S,0.9774,LPath
V232T,0.9626,LPath
V232W,0.9993,LPath
V232Y,0.9982,LPath
G233A,0.9918,LPath
G233C,0.9986,LPath
G233D,0.9992,LPath
G233E,0.9997,LPath
G233F,0.9993,LPath
G233H,0.9999,LPath
G233I,0.9989,LPath
G233K,0.9996,LPath
G233L,0.9989,LPath
G233M,0.9998,LPath
G233N,0.9998,LPath
G233P,0.9988,LPath
G233Q,0.9998,LPath
G233R,0.9992,LPath
G233S,0.9965,LPath
G233T,0.9981,LPath
G233V,0.9984,LPath
G233W,0.9985,LPath
G233Y,0.9996,LPath
G234A,0.9469,LPath
G234C,0.9843,LPath
G234D,0.9957,LPath
G234E,0.9975,LPath
G234F,0.9929,LPath
G234H,0.998,LPath
G234I,0.9923,LPath
G234K,0.9967,LPath
G234L,0.9936,LPath
G234M,0.9958,LPath
G234N,0.9863,LPath
G234P,0.9984,LPath
G234Q,0.9964,LPath
G234R,0.9917,LPath
G234S,0.937,LPath
G234T,0.978,LPath
G234V,0.9885,LPath
G234W,0.9892,LPath
G234Y,0.995,LPath
A235C,0.9335,LPath
A235D,0.9932,LPath
A235E,0.9941,LPath
A235F,0.9615,LPath
A235G,0.8577,LPath
A235H,0.9798,LPath
A235I,0.993,LPath
A235K,0.9907,LPath
A235L,0.9433,LPath
A235M,0.9851,LPath
A235N,0.9773,LPath
A235P,0.9869,LPath
A235Q,0.9704,LPath
A235R,0.9431,LPath
A235S,0.6823,LPath
A235T,0.9678,LPath
A235V,0.9796,LPath
A235W,0.9914,LPath
A235Y,0.9794,LPath
S236A,0.3153,LBen
S236C,0.5923,LPath
S236D,0.998,LPath
S236E,0.997,LPath
S236F,0.9956,LPath
S236G,0.7983,LPath
S236H,0.9946,LPath
S236I,0.994,LPath
S236K,0.9995,LPath
S236L,0.9818,LPath
S236M,0.9854,LPath
S236N,0.9946,LPath
S236P,0.9957,LPath
S236Q,0.9928,LPath
S236R,0.9983,LPath
S236T,0.9346,LPath
S236V,0.9819,LPath
S236W,0.9962,LPath
S236Y,0.994,LPath
L237A,0.9763,LPath
L237C,0.9847,LPath
L237D,0.9994,LPath
L237E,0.9965,LPath
L237F,0.9821,LPath
L237G,0.9836,LPath
L237H,0.9963,LPath
L237I,0.828,LPath
L237K,0.9845,LPath
L237M,0.862,LPath
L237N,0.9904,LPath
L237P,0.9976,LPath
L237Q,0.9818,LPath
L237R,0.9714,LPath
L237S,0.9941,LPath
L237T,0.9418,LPath
L237V,0.87,LPath
L237W,0.9926,LPath
L237Y,0.9953,LPath
K238A,0.9416,LPath
K238C,0.9624,LPath
K238D,0.9786,LPath
K238E,0.9548,LPath
K238F,0.9903,LPath
K238G,0.9386,LPath
K238H,0.858,LPath
K238I,0.9318,LPath
K238L,0.8833,LPath
K238M,0.8888,LPath
K238N,0.9593,LPath
K238P,0.9864,LPath
K238Q,0.7066,LPath
K238R,0.2234,LBen
K238S,0.9512,LPath
K238T,0.8549,LPath
K238V,0.9005,LPath
K238W,0.9922,LPath
K238Y,0.9771,LPath
P239A,0.2536,LBen
P239C,0.9341,LPath
P239D,0.8435,LPath
P239E,0.7621,LPath
P239F,0.9618,LPath
P239G,0.5879,LPath
P239H,0.776,LPath
P239I,0.8725,LPath
P239K,0.6681,LPath
P239L,0.598,LPath
P239M,0.857,LPath
P239N,0.8453,LPath
P239Q,0.5898,LPath
P239R,0.5917,LPath
P239S,0.5647,LPath
P239T,0.5103,Amb
P239V,0.6731,LPath
P239W,0.9697,LPath
P239Y,0.9439,LPath
E240A,0.4609,Amb
E240C,0.9518,LPath
E240D,0.5263,Amb
E240F,0.9895,LPath
E240G,0.6108,LPath
E240H,0.9634,LPath
E240I,0.9276,LPath
E240K,0.9053,LPath
E240L,0.9432,LPath
E240M,0.9557,LPath
E240N,0.8892,LPath
E240P,0.9403,LPath
E240Q,0.6333,LPath
E240R,0.9091,LPath
E240S,0.6523,LPath
E240T,0.7749,LPath
E240V,0.8193,LPath
E240W,0.9959,LPath
E240Y,0.9773,LPath
F241A,0.9901,LPath
F241C,0.9937,LPath
F241D,0.9944,LPath
F241E,0.9963,LPath
F241G,0.9912,LPath
F241H,0.995,LPath
F241I,0.964,LPath
F241K,0.9979,LPath
F241L,0.9972,LPath
F241M,0.9752,LPath
F241N,0.9952,LPath
F241P,0.9998,LPath
F241Q,0.9972,LPath
F241R,0.995,LPath
F241S,0.9952,LPath
F241T,0.9939,LPath
F241V,0.9677,LPath
F241W,0.9096,LPath
F241Y,0.805,LPath
V242A,0.256,LBen
V242C,0.6773,LPath
V242D,0.8973,LPath
V242E,0.7776,LPath
V242F,0.4598,Amb
V242G,0.3653,Amb
V242H,0.8379,LPath
V242I,0.1018,LBen
V242K,0.6614,LPath
V242L,0.3288,LBen
V242M,0.3853,Amb
V242N,0.7116,LPath
V242P,0.8338,LPath
V242Q,0.6014,LPath
V242R,0.5465,Amb
V242S,0.4346,Amb
V242T,0.2573,LBen
V242W,0.9133,LPath
V242Y,0.8324,LPath
D243A,0.2218,LBen
D243C,0.7794,LPath
D243E,0.2008,LBen
D243F,0.8332,LPath
D243G,0.2814,LBen
D243H,0.485,Amb
D243I,0.7062,LPath
D243K,0.6368,LPath
D243L,0.6281,LPath
D243M,0.8037,LPath
D243N,0.1616,LBen
D243P,0.8125,LPath
D243Q,0.385,Amb
D243R,0.6927,LPath
D243S,0.1748,LBen
D243T,0.2808,LBen
D243V,0.4327,Amb
D243W,0.9595,LPath
D243Y,0.5458,Amb
I244A,0.9878,LPath
I244C,0.9909,LPath
I244D,0.9987,LPath
I244E,0.9967,LPath
I244F,0.9793,LPath
I244G,0.9971,LPath
I244H,0.9986,LPath
I244K,0.9964,LPath
I244L,0.8656,LPath
I244M,0.8676,LPath
I244N,0.9922,LPath
I244P,0.9974,LPath
I244Q,0.9969,LPath
I244R,0.9911,LPath
I244S,0.9889,LPath
I244T,0.9876,LPath
I244V,0.5678,LPath
I244W,0.9987,LPath
I244Y,0.9964,LPath
I245A,0.8668,LPath
I245C,0.7651,LPath
I245D,0.9987,LPath
I245E,0.9953,LPath
I245F,0.9105,LPath
I245G,0.9872,LPath
I245H,0.9963,LPath
I245K,0.9925,LPath
I245L,0.5292,Amb
I245M,0.5988,LPath
I245N,0.9879,LPath
I245P,0.9941,LPath
I245Q,0.9893,LPath
I245R,0.9818,LPath
I245S,0.9502,LPath
I245T,0.9024,LPath
I245V,0.1334,LBen
I245W,0.9938,LPath
I245Y,0.9891,LPath
N246A,0.2555,LBen
N246C,0.2737,LBen
N246D,0.319,LBen
N246E,0.5086,Amb
N246F,0.6542,LPath
N246G,0.2909,LBen
N246H,0.1329,LBen
N246I,0.4609,Amb
N246K,0.3821,Amb
N246L,0.2887,LBen
N246M,0.5099,Amb
N246P,0.9279,LPath
N246Q,0.3534,Amb
N246R,0.3004,LBen
N246S,0.1047,LBen
N246T,0.1991,LBen
N246V,0.3462,Amb
N246W,0.8133,LPath
N246Y,0.2614,LBen
A247C,0.5782,LPath
A247D,0.9773,LPath
A247E,0.9611,LPath
A247F,0.8789,LPath
A247G,0.3781,Amb
A247H,0.9145,LPath
A247I,0.8605,LPath
A247K,0.9828,LPath
A247L,0.8348,LPath
A247M,0.8866,LPath
A247N,0.9101,LPath
A247P,0.9737,LPath
A247Q,0.8991,LPath
A247R,0.9311,LPath
A247S,0.161,LBen
A247T,0.4715,Amb
A247V,0.5722,LPath
A247W,0.9708,LPath
A247Y,0.9194,LPath
K248A,0.5592,Amb
K248C,0.7041,LPath
K248D,0.8226,LPath
K248E,0.4392,Amb
K248F,0.8912,LPath
K248G,0.5133,Amb
K248H,0.3822,Amb
K248I,0.6831,LPath
K248L,0.6397,LPath
K248M,0.5953,LPath
K248N,0.6245,LPath
K248P,0.7566,LPath
K248Q,0.1636,LBen
K248R,0.0653,LBen
K248S,0.5577,Amb
K248T,0.3739,Amb
K248V,0.5789,LPath
K248W,0.8513,LPath
K248Y,0.7843,LPath
Q249A,0.215,LBen
Q249C,0.6703,LPath
Q249D,0.3438,Amb
Q249E,0.1112,LBen
Q249F,0.7822,LPath
Q249G,0.2726,LBen
Q249H,0.3071,LBen
Q249I,0.5884,LPath
Q249K,0.1416,LBen
Q249L,0.2488,LBen
Q249M,0.4215,Amb
Q249N,0.2293,LBen
Q249P,0.2208,LBen
Q249R,0.1707,LBen
Q249S,0.1539,LBen
Q249T,0.2329,LBen
Q249V,0.3197,LBen
Q249W,0.7382,LPath
Q249Y,0.5535,Amb
