#Pdb;Mutation(s)_PDB;Mutation(s)_cleaned;iMutation_Location(s);Hold_out_type;Hold_out_proteins;Affinity_mut (M);Affinity_mut_parsed;Affinity_wt (M);Affinity_wt_parsed;Reference;Protein 1;Protein 2;Temperature;kon_mut (M^(-1)s^(-1));kon_mut_parsed;kon_wt (M^(-1)s^(-1));kon_wt_parsed;koff_mut (s^(-1));koff_mut_parsed;koff_wt (s^(-1));koff_wt_parsed;dH_mut (kcal mol^(-1));dH_wt (kcal mol^(-1));dS_mut (cal mol^(-1) K^(-1));dS_wt (cal mol^(-1) K^(-1));Notes;Method;SKEMPI version
1BRS_A_D;KA27A;KA25A;COR;;1BRS_A_D,1B2U_A_D,1B2S_A_D,1B3S_A_D,1X1W_A_D,1X1X_A_D;8.8E-11;8.8E-11;1E-14;1E-14;7739054;Barnase;Barstar;298;5.1E+07;5.1E+07;3.7E+08;3.7E+08;4.5E-03;4.5E-03;3.73E-06;3.73E-06;-13.1;-19.3;1.68;-1.01;Thermodynamic data from 9126847.,,;ITC;1
1BRS_A_D;RA59A;RA57A;COR;;1BRS_A_D,1B2U_A_D,1B2S_A_D,1B3S_A_D,1X1W_A_D,1X1X_A_D;7E-11;7E-11;1E-14;1E-14;7739054;Barnase;Barstar;298;3.4E+07;3.4E+07;3.7E+08;3.7E+08;2.4E-03;2.4E-03;3.73E-06;3.73E-06;-11.9;-19.3;6.37;-1.01;Thermodynamic data from 9126847.,,;ITC;1
1BRS_A_D;RA83Q;RA81Q;COR;;1BRS_A_D,1B2U_A_D,1B2S_A_D,1B3S_A_D,1X1W_A_D,1X1X_A_D;9.4E-11;9.4E-11;1E-14;1E-14;7739054;Barnase;Barstar;298;1.1E+08;1.1E+08;3.7E+08;3.7E+08;1E-02;1E-02;3.73E-06;3.73E-06;;;;;;SFFL;1
1BRS_A_D;RA87A;RA85A;SUP;;1BRS_A_D,1B2U_A_D,1B2S_A_D,1B3S_A_D,1X1W_A_D,1X1X_A_D;1.2E-10;1.2E-10;1E-14;1E-14;7739054;Barnase;Barstar;298;1.4E+08;1.4E+08;3.7E+08;3.7E+08;1.7E-02;1.7E-02;3.73E-06;3.73E-06;-17.3;-19.3;-12.7;-1.01;Thermodynamic data from 9126847.,,;ITC;1
1BRS_A_D;HA102A;HA100A;COR;;1BRS_A_D,1B2U_A_D,1B2S_A_D,1B3S_A_D,1X1W_A_D,1X1X_A_D;3.2E-10;3.2E-10;1E-14;1E-14;7739054;Barnase;Barstar;298;4E+08;4E+08;3.7E+08;3.7E+08;1.29E-01;1.29E-01;3.73E-06;3.73E-06;-10.9;-19.3;6.71;-1.01;Thermodynamic data from 9126847.,,;ITC;1
1BRS_A_D;YD29F;YD29F;RIM;;1BRS_A_D,1B2U_A_D,1B2S_A_D,1B3S_A_D,1X1W_A_D,1X1X_A_D;8E-15;8E-15;1E-14;1E-14;7739054;Barnase;Barstar;298;3E+08;3E+08;3.7E+08;3.7E+08;2.4E-06;2.4E-06;3.73E-06;3.73E-06;-18.8;-19.3;1.01;-1.01;Thermodynamic data from 9126847.,,;ITC;1
1BRS_A_D;YD29A;YD29A;RIM;;1BRS_A_D,1B2U_A_D,1B2S_A_D,1B3S_A_D,1X1W_A_D,1X1X_A_D;3.5E-12;3.5E-12;1E-14;1E-14;7739054;Barnase;Barstar;298;2.9E+08;2.9E+08;3.7E+08;3.7E+08;1E-03;1E-03;3.73E-06;3.73E-06;-14.2;-19.3;4.7;-1.01;Thermodynamic data from 9126847.,,;ITC;1
1BRS_A_D;DD35A;DD35A;COR;;1BRS_A_D,1B2U_A_D,1B2S_A_D,1B3S_A_D,1X1W_A_D,1X1X_A_D;2E-11;2E-11;1E-14;1E-14;7739054;Barnase;Barstar;298;1.9E+08;1.9E+08;3.7E+08;3.7E+08;3.8E-03;3.8E-03;3.73E-06;3.73E-06;-14.4;-19.3;0.335;-1.01;Thermodynamic data from 9126847.,,;ITC;1
1BRS_A_D;WD38F;WD38F;COR;;1BRS_A_D,1B2U_A_D,1B2S_A_D,1B3S_A_D,1X1W_A_D,1X1X_A_D;1.6E-13;1.6E-13;1E-14;1E-14;7739054;Barnase;Barstar;298;4.3E+08;4.3E+08;3.7E+08;3.7E+08;7E-05;7E-05;3.73E-06;3.73E-06;;;;;;SFFL;1
1BRS_A_D;DD39A;DD39A;COR;;1BRS_A_D,1B2U_A_D,1B2S_A_D,1B3S_A_D,1X1W_A_D,1X1X_A_D;4.06E-09;4.06E-09;1E-14;1E-14;7739054;Barnase;Barstar;298;1.9E+08;1.9E+08;3.7E+08;3.7E+08;9E-01;9E-01;3.73E-06;3.73E-06;-7.4;-19.3;13.1;-1.01;Thermodynamic data from 9126847. ITC dG(mut) is -11.1 kcal/mol,,;ITC;1
1BRS_A_D;TD42A;TD42A;COR;;1BRS_A_D,1B2U_A_D,1B2S_A_D,1B3S_A_D,1X1W_A_D,1X1X_A_D;2.3E-13;2.3E-13;1E-14;1E-14;7739054;Barnase;Barstar;298;3.2E+08;3.2E+08;3.7E+08;3.7E+08;7.2E-05;7.2E-05;3.73E-06;3.73E-06;;;;;;SFFL;1
1BRS_A_D;WD44F;WD44F;COR;;1BRS_A_D,1B2U_A_D,1B2S_A_D,1B3S_A_D,1X1W_A_D,1X1X_A_D;1.1E-14;1.1E-14;1E-14;1E-14;7739054;Barnase;Barstar;298;3.1E+08;3.1E+08;3.7E+08;3.7E+08;3.4E-06;3.4E-06;3.73E-06;3.73E-06;;;;;;SFFL;1
1BRS_A_D;ED76A;ED74A;RIM;;1BRS_A_D,1B2U_A_D,1B2S_A_D,1B3S_A_D,1X1W_A_D,1X1X_A_D;1E-13;1E-13;1E-14;1E-14;7739054;Barnase;Barstar;298;2E+08;2E+08;3.7E+08;3.7E+08;2.1E-05;2.1E-05;3.73E-06;3.73E-06;-17.8;-19.3;-0.335;-1.01;Thermodynamic data from 9126847.,,;ITC;1
1BRS_A_D;ED80A;ED78A;SUR;;1BRS_A_D,1B2U_A_D,1B2S_A_D,1B3S_A_D,1X1W_A_D,1X1X_A_D;2.5E-14;2.5E-14;1E-14;1E-14;7739054;Barnase;Barstar;298;2.1E+08;2.1E+08;3.7E+08;3.7E+08;5.2E-06;5.2E-06;3.73E-06;3.73E-06;;;;;;SFFL;1
1BRS_A_D;KA27A,YD29A;KA25A,YD29A;COR,RIM;;1BRS_A_D,1B2U_A_D,1B2S_A_D,1B3S_A_D,1X1W_A_D,1X1X_A_D;2.1E-08;2.1E-08;1E-14;1E-14;7739054;Barnase;Barstar;298;4.6E+07;4.6E+07;3.7E+08;3.7E+08;9.7E-01;9.7E-01;3.73E-06;3.73E-06;;;;;;SFFL;1
1BRS_A_D;KA27A,DD35A;KA25A,DD35A;COR,COR;;1BRS_A_D,1B2U_A_D,1B2S_A_D,1B3S_A_D,1X1W_A_D,1X1X_A_D;1E-07;1E-07;1E-14;1E-14;7739054;Barnase;Barstar;298;3.7E+07;3.7E+07;3.7E+08;3.7E+08;3.6E+00;3.6E+00;3.73E-06;3.73E-06;;;;;;SFFL;1
1BRS_A_D;KA27A,WD38F;KA25A,WD38F;COR,COR;;1BRS_A_D,1B2U_A_D,1B2S_A_D,1B3S_A_D,1X1W_A_D,1X1X_A_D;5.6E-11;5.6E-11;1E-14;1E-14;7739054;Barnase;Barstar;298;3.8E+07;3.8E+07;3.7E+08;3.7E+08;2.1E-02;2.1E-02;3.73E-06;3.73E-06;;;;;;SFFL;1
1BRS_A_D;KA27A,DD39A;KA25A,DD39A;COR,COR;;1BRS_A_D,1B2U_A_D,1B2S_A_D,1B3S_A_D,1X1W_A_D,1X1X_A_D;1.17E-08;1.17E-08;1E-14;1E-14;7739054;Barnase;Barstar;298;5.8E+07;5.8E+07;3.7E+08;3.7E+08;6.8E-01;6.8E-01;3.73E-06;3.73E-06;-10.6;-19.3;0.671;-1.01;Thermodynamic data from 9126847. ITC dG(mut) is -10.3 kcal/mol,,;ITC;1
1BRS_A_D;KA27A,TD42A;KA25A,TD42A;COR,COR;;1BRS_A_D,1B2U_A_D,1B2S_A_D,1B3S_A_D,1X1W_A_D,1X1X_A_D;1.57E-10;1.57E-10;1E-14;1E-14;7739054;Barnase;Barstar;298;4.3E+07;4.3E+07;3.7E+08;3.7E+08;6.8E-03;6.8E-03;3.73E-06;3.73E-06;;;;;;SFFL;1
1BRS_A_D;KA27A,ED76A;KA25A,ED74A;COR,RIM;;1BRS_A_D,1B2U_A_D,1B2S_A_D,1B3S_A_D,1X1W_A_D,1X1X_A_D;8.1E-10;8.1E-10;1E-14;1E-14;7739054;Barnase;Barstar;298;1.6E+07;1.6E+07;3.7E+08;3.7E+08;1.3E-02;1.3E-02;3.73E-06;3.73E-06;;;;;;SFFL;1
1BRS_A_D;KA27A,ED80A;KA25A,ED78A;COR,SUR;;1BRS_A_D,1B2U_A_D,1B2S_A_D,1B3S_A_D,1X1W_A_D,1X1X_A_D;1.1E-10;1.1E-10;1E-14;1E-14;7739054;Barnase;Barstar;298;3.2E+07;3.2E+07;3.7E+08;3.7E+08;3.5E-03;3.5E-03;3.73E-06;3.73E-06;;;;;;SFFL;1
1BRS_A_D;RA59A,YD29A;RA57A,YD29A;COR,RIM;;1BRS_A_D,1B2U_A_D,1B2S_A_D,1B3S_A_D,1X1W_A_D,1X1X_A_D;9E-09;9E-09;1E-14;1E-14;7739054;Barnase;Barstar;298;2.8E+07;2.8E+07;3.7E+08;3.7E+08;2.5E-01;2.5E-01;3.73E-06;3.73E-06;;;;;;SFFL;1
1BRS_A_D;RA59A,DD35A;RA57A,DD35A;COR,COR;;1BRS_A_D,1B2U_A_D,1B2S_A_D,1B3S_A_D,1X1W_A_D,1X1X_A_D;4.4E-10;4.4E-10;1E-14;1E-14;7739054;Barnase;Barstar;298;3.1E+07;3.1E+07;3.7E+08;3.7E+08;1.4E-02;1.4E-02;3.73E-06;3.73E-06;;;;;;SFFL;1
1BRS_A_D;RA59A,WD38F;RA57A,WD38F;COR,COR;;1BRS_A_D,1B2U_A_D,1B2S_A_D,1B3S_A_D,1X1W_A_D,1X1X_A_D;4E-10;4E-10;1E-14;1E-14;7739054;Barnase;Barstar;298;3.3E+07;3.3E+07;3.7E+08;3.7E+08;1.3E-02;1.3E-02;3.73E-06;3.73E-06;;;;;;SFFL;1
1BRS_A_D;RA59A,TD42A;RA57A,TD42A;COR,COR;;1BRS_A_D,1B2U_A_D,1B2S_A_D,1B3S_A_D,1X1W_A_D,1X1X_A_D;1E-09;1E-09;1E-14;1E-14;7739054;Barnase;Barstar;298;2.1E+07;2.1E+07;3.7E+08;3.7E+08;2.3E-02;2.3E-02;3.73E-06;3.73E-06;;;;;;SFFL;1
1BRS_A_D;RA59A,ED76A;RA57A,ED74A;COR,RIM;;1BRS_A_D,1B2U_A_D,1B2S_A_D,1B3S_A_D,1X1W_A_D,1X1X_A_D;4.4E-11;4.4E-11;1E-14;1E-14;7739054;Barnase;Barstar;298;3.6E+07;3.6E+07;3.7E+08;3.7E+08;1.6E-03;1.6E-03;3.73E-06;3.73E-06;;;;;;SFFL;1
1BRS_A_D;RA59A,ED80A;RA57A,ED78A;COR,SUR;;1BRS_A_D,1B2U_A_D,1B2S_A_D,1B3S_A_D,1X1W_A_D,1X1X_A_D;6.5E-11;6.5E-11;1E-14;1E-14;7739054;Barnase;Barstar;298;3.1E+07;3.1E+07;3.7E+08;3.7E+08;2E-03;2E-03;3.73E-06;3.73E-06;;;;;;SFFL;1
1BRS_A_D;RA83Q,YD29A;RA81Q,YD29A;COR,RIM;;1BRS_A_D,1B2U_A_D,1B2S_A_D,1B3S_A_D,1X1W_A_D,1X1X_A_D;1.2E-08;1.2E-08;1E-14;1E-14;7739054;Barnase;Barstar;298;9.3E+07;9.3E+07;3.7E+08;3.7E+08;1.1E+00;1.1E+00;3.73E-06;3.73E-06;;;;;;SFFL;1
1BRS_A_D;RA83Q,DD35A;RA81Q,DD35A;COR,COR;;1BRS_A_D,1B2U_A_D,1B2S_A_D,1B3S_A_D,1X1W_A_D,1X1X_A_D;1.1E-07;1.1E-07;1E-14;1E-14;7739054;Barnase;Barstar;298;6.3E+07;6.3E+07;3.7E+08;3.7E+08;7.1E+00;7.1E+00;3.73E-06;3.73E-06;;;;;;SFFL;1
1BRS_A_D;RA83Q,WD38F;RA81Q,WD38F;COR,COR;;1BRS_A_D,1B2U_A_D,1B2S_A_D,1B3S_A_D,1X1W_A_D,1X1X_A_D;9E-10;9E-10;1E-14;1E-14;7739054;Barnase;Barstar;298;1E+08;1E+08;3.7E+08;3.7E+08;9.1E-02;9.1E-02;3.73E-06;3.73E-06;;;;;;SFFL;1
1BRS_A_D;RA83Q,DD39A;RA81Q,DD39A;COR,COR;;1BRS_A_D,1B2U_A_D,1B2S_A_D,1B3S_A_D,1X1W_A_D,1X1X_A_D;5.25E-10;5.25E-10;1E-14;1E-14;7739054;Barnase;Barstar;298;1E+08;1E+08;3.7E+08;3.7E+08;5.3E-02;5.3E-02;3.73E-06;3.73E-06;;;;;;SFFL;1
1BRS_A_D;RA83Q,TD42A;RA81Q,TD42A;COR,COR;;1BRS_A_D,1B2U_A_D,1B2S_A_D,1B3S_A_D,1X1W_A_D,1X1X_A_D;3E-10;3E-10;1E-14;1E-14;7739054;Barnase;Barstar;298;1.2E+08;1.2E+08;3.7E+08;3.7E+08;3.5E-02;3.5E-02;3.73E-06;3.73E-06;;;;;;SFFL;1
1BRS_A_D;RA83Q,ED76A;RA81Q,ED74A;COR,RIM;;1BRS_A_D,1B2U_A_D,1B2S_A_D,1B3S_A_D,1X1W_A_D,1X1X_A_D;8.45E-10;8.45E-10;1E-14;1E-14;7739054;Barnase;Barstar;298;4E+07;4E+07;3.7E+08;3.7E+08;3.4E-02;3.4E-02;3.73E-06;3.73E-06;;;;;;SFFL;1
1BRS_A_D;RA83Q,ED80A;RA81Q,ED78A;COR,SUR;;1BRS_A_D,1B2U_A_D,1B2S_A_D,1B3S_A_D,1X1W_A_D,1X1X_A_D;1.68E-10;1.68E-10;1E-14;1E-14;7739054;Barnase;Barstar;298;6.3E+07;6.3E+07;3.7E+08;3.7E+08;1.1E-02;1.1E-02;3.73E-06;3.73E-06;;;;;;SFFL;1
1BRS_A_D;RA87A,YD29A;RA85A,YD29A;SUP,RIM;;1BRS_A_D,1B2U_A_D,1B2S_A_D,1B3S_A_D,1X1W_A_D,1X1X_A_D;8E-09;8E-09;1E-14;1E-14;7739054;Barnase;Barstar;298;1.6E+08;1.6E+08;3.7E+08;3.7E+08;1.3E+00;1.3E+00;3.73E-06;3.73E-06;;;;;;SFFL;1
1BRS_A_D;RA87A,WD38F;RA85A,WD38F;SUP,COR;;1BRS_A_D,1B2U_A_D,1B2S_A_D,1B3S_A_D,1X1W_A_D,1X1X_A_D;1.45E-09;1.45E-09;1E-14;1E-14;7739054;Barnase;Barstar;298;1.9E+08;1.9E+08;3.7E+08;3.7E+08;2.75E-01;2.75E-01;3.73E-06;3.73E-06;;;;;;SFFL;1
1BRS_A_D;RA87A,DD39A;RA85A,DD39A;SUP,COR;;1BRS_A_D,1B2U_A_D,1B2S_A_D,1B3S_A_D,1X1W_A_D,1X1X_A_D;1.85E-09;1.85E-09;1E-14;1E-14;7739054;Barnase;Barstar;298;1.6E+08;1.6E+08;3.7E+08;3.7E+08;3E-01;3E-01;3.73E-06;3.73E-06;-13.4;-19.3;-5.03;-1.01;Thermodynamic data from 9126847.,,;ITC;1
1BRS_A_D;RA87A,TD42A;RA85A,TD42A;SUP,COR;;1BRS_A_D,1B2U_A_D,1B2S_A_D,1B3S_A_D,1X1W_A_D,1X1X_A_D;1.4E-09;1.4E-09;1E-14;1E-14;7739054;Barnase;Barstar;298;1.1E+08;1.1E+08;3.7E+08;3.7E+08;3.1E-01;3.1E-01;3.73E-06;3.73E-06;;;;;;SFFL;1
1BRS_A_D;RA87A,ED76A;RA85A,ED74A;SUP,RIM;;1BRS_A_D,1B2U_A_D,1B2S_A_D,1B3S_A_D,1X1W_A_D,1X1X_A_D;1.08E-09;1.08E-09;1E-14;1E-14;7739054;Barnase;Barstar;298;6.9E+07;6.9E+07;3.7E+08;3.7E+08;7.4E-02;7.4E-02;3.73E-06;3.73E-06;;;;;;SFFL;1
1BRS_A_D;RA87A,ED80A;RA85A,ED78A;SUP,SUR;;1BRS_A_D,1B2U_A_D,1B2S_A_D,1B3S_A_D,1X1W_A_D,1X1X_A_D;3.1E-10;3.1E-10;1E-14;1E-14;7739054;Barnase;Barstar;298;7.6E+07;7.6E+07;3.7E+08;3.7E+08;2.4E-02;2.4E-02;3.73E-06;3.73E-06;;;;;;SFFL;1
1BRS_A_D;HA102A,YD29A;HA100A,YD29A;COR,RIM;;1BRS_A_D,1B2U_A_D,1B2S_A_D,1B3S_A_D,1X1W_A_D,1X1X_A_D;4.2E-10;4.2E-10;1E-14;1E-14;7739054;Barnase;Barstar;298;3.6E+08;3.6E+08;3.7E+08;3.7E+08;1.5E-01;1.5E-01;3.73E-06;3.73E-06;-13.3;-19.3;-2.01;-1.01;Thermodynamic data from 9126847.,,;ITC;1
1BRS_A_D;HA102A,YD29F;HA100A,YD29F;COR,RIM;;1BRS_A_D,1B2U_A_D,1B2S_A_D,1B3S_A_D,1X1W_A_D,1X1X_A_D;1.17E-10;1.17E-10;1E-14;1E-14;7739054;Barnase;Barstar;298;3.9E+08;3.9E+08;3.7E+08;3.7E+08;4.5E-02;4.5E-02;3.73E-06;3.73E-06;-12;-19.3;5.03;-1.01;Thermodynamic data from 9126847.,,;ITC;1
1BRS_A_D;HA102A,WD38F;HA100A,WD38F;COR,COR;;1BRS_A_D,1B2U_A_D,1B2S_A_D,1B3S_A_D,1X1W_A_D,1X1X_A_D;4E-09;4E-09;1E-14;1E-14;7739054;Barnase;Barstar;298;3.2E+08;3.2E+08;3.7E+08;3.7E+08;1.28E+00;1.28E+00;3.73E-06;3.73E-06;;;;;;SFFL;1
1BRS_A_D;HA102A,DD39A;HA100A,DD39A;COR,COR;;1BRS_A_D,1B2U_A_D,1B2S_A_D,1B3S_A_D,1X1W_A_D,1X1X_A_D;3.9E-08;3.9E-08;1E-14;1E-14;7739054;Barnase;Barstar;298;4.4E+08;4.4E+08;3.7E+08;3.7E+08;1.7E+01;1.7E+01;3.73E-06;3.73E-06;-2.4;-19.3;25.8;-1.01;Thermodynamic data from 9126847. ITC dG(mut) is -8.3 kcal/mol,,;ITC;1
1BRS_A_D;HA102A,TD42A;HA100A,TD42A;COR,COR;;1BRS_A_D,1B2U_A_D,1B2S_A_D,1B3S_A_D,1X1W_A_D,1X1X_A_D;9.2E-09;9.2E-09;1E-14;1E-14;7739054;Barnase;Barstar;298;2.7E+08;2.7E+08;3.7E+08;3.7E+08;2.4E+00;2.4E+00;3.73E-06;3.73E-06;;;;;;SFFL;1
1BRS_A_D;HA102A,ED76A;HA100A,ED74A;COR,RIM;;1BRS_A_D,1B2U_A_D,1B2S_A_D,1B3S_A_D,1X1W_A_D,1X1X_A_D;3.5E-09;3.5E-09;1E-14;1E-14;7739054;Barnase;Barstar;298;1.7E+08;1.7E+08;3.7E+08;3.7E+08;5.9E-01;5.9E-01;3.73E-06;3.73E-06;;;;;;SFFL;1
1BRS_A_D;HA102A,ED80A;HA100A,ED78A;COR,SUR;;1BRS_A_D,1B2U_A_D,1B2S_A_D,1B3S_A_D,1X1W_A_D,1X1X_A_D;8.8E-10;8.8E-10;1E-14;1E-14;7739054;Barnase;Barstar;298;2E+08;2E+08;3.7E+08;3.7E+08;1.8E-01;1.8E-01;3.73E-06;3.73E-06;;;;;;SFFL;1
1BRS_A_D;RA59A,DD39A;RA57A,DD39A;COR,COR;;1BRS_A_D,1B2U_A_D,1B2S_A_D,1B3S_A_D,1X1W_A_D,1X1X_A_D;2.13E-06;2.13E-06;1E-14;1E-14;9126847;Barnase;Barstar;298;;;;;;;;;-1.7;-19.3;20.1;-1.01;;ITC;1
1BRS_A_D;EA73Q;EA71Q;SUP;;1BRS_A_D,1B2U_A_D,1B2S_A_D,1B3S_A_D,1X1W_A_D,1X1X_A_D;1.16E-13;1.16E-13;1E-14;1E-14;9126847;Barnase;Barstar;298;;;;;;;;;-10;-19.3;25.5;-1.01;;ITC;1
1BRS_A_D;EA73Q,DD39A;EA71Q,DD39A;SUP,COR;;1BRS_A_D,1B2U_A_D,1B2S_A_D,1B3S_A_D,1X1W_A_D,1X1X_A_D;1.92E-09;1.92E-09;1E-14;1E-14;9126847;Barnase;Barstar;298;;;;;;;;;-6.3;-19.3;18.4;-1.01;;ITC;1
1BRS_A_D;EA73Q,ED76A;EA71Q,ED74A;SUP,RIM;;1BRS_A_D,1B2U_A_D,1B2S_A_D,1B3S_A_D,1X1W_A_D,1X1X_A_D;3.85E-12;3.85E-12;1E-14;1E-14;9126847;Barnase;Barstar;298;;;;;;;;;-8.1;-19.3;24.8;-1.01;;ITC;1
1BRS_A_D;EA73W;EA71W;SUP;;1BRS_A_D,1B2U_A_D,1B2S_A_D,1B3S_A_D,1X1W_A_D,1X1X_A_D;1.64E-13;1.64E-13;1E-14;1E-14;9126847;Barnase;Barstar;298;;;;;;;;;-8.5;-19.3;29.9;-1.01;;ITC;1
1BRS_A_D;EA73W,DD39A;EA71W,DD39A;SUP,COR;;1BRS_A_D,1B2U_A_D,1B2S_A_D,1B3S_A_D,1X1W_A_D,1X1X_A_D;7.69E-10;7.69E-10;1E-14;1E-14;9126847;Barnase;Barstar;298;;;;;;;;;-7.9;-19.3;15.1;-1.01;;ITC;1
1BRS_A_D;EA73W,DD35A;EA71W,DD35A;SUP,COR;;1BRS_A_D,1B2U_A_D,1B2S_A_D,1B3S_A_D,1X1W_A_D,1X1X_A_D;1.54E-10;1.54E-10;1E-14;1E-14;9126847;Barnase;Barstar;298;;;;;;;;;-4.7;-19.3;28.8;-1.01;;ITC;1
1BRS_A_D;EA73W,ED76A;EA71W,ED74A;SUP,RIM;;1BRS_A_D,1B2U_A_D,1B2S_A_D,1B3S_A_D,1X1W_A_D,1X1X_A_D;4E-12;4E-12;1E-14;1E-14;9126847;Barnase;Barstar;298;;;;;;;;;-6.5;-19.3;30.2;-1.01;;ITC;1
1BRS_A_D;EA73Y;EA71Y;SUP;;1BRS_A_D,1B2U_A_D,1B2S_A_D,1B3S_A_D,1X1W_A_D,1X1X_A_D;5.88E-13;5.88E-13;1E-14;1E-14;9126847;Barnase;Barstar;298;;;;;;;;;-10.7;-19.3;19.8;-1.01;;ITC;1
1BRS_A_D;EA73F;EA71F;SUP;;1BRS_A_D,1B2U_A_D,1B2S_A_D,1B3S_A_D,1X1W_A_D,1X1X_A_D;4.35E-13;4.35E-13;1E-14;1E-14;9126847;Barnase;Barstar;298;;;;;;;;;-9;-19.3;26.2;-1.01;;ITC;1
1BRS_A_D;EA73F,DD39A;EA71F,DD39A;SUP,COR;;1BRS_A_D,1B2U_A_D,1B2S_A_D,1B3S_A_D,1X1W_A_D,1X1X_A_D;3E-09;3E-09;1E-14;1E-14;9126847;Barnase;Barstar;298;;;;;;;;;-9;-19.3;8.72;-1.01;;ITC;1
1BRS_A_D;EA73F,DD35A;EA71F,DD35A;SUP,COR;;1BRS_A_D,1B2U_A_D,1B2S_A_D,1B3S_A_D,1X1W_A_D,1X1X_A_D;5E-10;5E-10;1E-14;1E-14;9126847;Barnase;Barstar;298;;;;;;;;;-3.7;-19.3;29.9;-1.01;;ITC;1
1BRS_A_D;EA73C;EA71C;SUP;;1BRS_A_D,1B2U_A_D,1B2S_A_D,1B3S_A_D,1X1W_A_D,1X1X_A_D;7.14E-13;7.14E-13;1E-14;1E-14;9126847;Barnase;Barstar;298;;;;;;;;;-8.9;-19.3;25.5;-1.01;;ITC;1
1BRS_A_D;EA73S;EA71S;SUP;;1BRS_A_D,1B2U_A_D,1B2S_A_D,1B3S_A_D,1X1W_A_D,1X1X_A_D;1.61E-12;1.61E-12;1E-14;1E-14;9126847;Barnase;Barstar;298;;;;;;;;;-7.7;-19.3;27.8;-1.01;;ITC;1
1BRS_A_D;EA73A;EA71A;SUP;;1BRS_A_D,1B2U_A_D,1B2S_A_D,1B3S_A_D,1X1W_A_D,1X1X_A_D;5.26E-13;5.26E-13;1E-14;1E-14;9126847;Barnase;Barstar;298;;;;;;;;;-7.3;-19.3;31.5;-1.01;;ITC;1
1BRS_A_D;EA73A,DD39A;EA71A,DD39A;SUP,COR;;1BRS_A_D,1B2U_A_D,1B2S_A_D,1B3S_A_D,1X1W_A_D,1X1X_A_D;1.85E-09;1.85E-09;1E-14;1E-14;9126847;Barnase;Barstar;298;;;;;;;;;-11.9;-19.3;0;-1.01;;ITC;1
1BRS_A_D;EA73A,DD35A;EA71A,DD35A;SUP,COR;;1BRS_A_D,1B2U_A_D,1B2S_A_D,1B3S_A_D,1X1W_A_D,1X1X_A_D;5.26E-10;5.26E-10;1E-14;1E-14;9126847;Barnase;Barstar;298;;;;;;;;;-3;-19.3;32.2;-1.01;;ITC;1
1BRS_A_D;RA59K;RA57K;COR;;1BRS_A_D,1B2U_A_D,1B2S_A_D,1B3S_A_D,1X1W_A_D,1X1X_A_D;4E-12;4E-12;6E-14;6E-14;8507637;Barnase;Barstar;298;;;;;;;;;;;;;;IAFL;1
1BRS_A_D;RA59A;RA57A;COR;;1BRS_A_D,1B2U_A_D,1B2S_A_D,1B3S_A_D,1X1W_A_D,1X1X_A_D;1.5E-10;1.5E-10;6E-14;6E-14;8507637;Barnase;Barstar;298;;;;;;;;;;;;;;IAFL;1
1BRS_A_D;HA102Q;HA100Q;COR;;1BRS_A_D,1B2U_A_D,1B2S_A_D,1B3S_A_D,1X1W_A_D,1X1X_A_D;1.3E-10;1.3E-10;6E-14;6E-14;8507637;Barnase;Barstar;298;;;;;;;;;;;;;;IAFL;1
1BRS_A_D;HA102D;HA100D;COR;;1BRS_A_D,1B2U_A_D,1B2S_A_D,1B3S_A_D,1X1W_A_D,1X1X_A_D;1.3E-10;1.3E-10;6E-14;6E-14;8507637;Barnase;Barstar;298;;;;;;;;;;;;;;IAFL;1
1BRS_A_D;HA102G;HA100G;COR;;1BRS_A_D,1B2U_A_D,1B2S_A_D,1B3S_A_D,1X1W_A_D,1X1X_A_D;6E-09;6E-09;6E-14;6E-14;8507637;Barnase;Barstar;298;;;;;;;;;;;;;;IAFL;1
1BRS_A_D;HA102A;HA100A;COR;;1BRS_A_D,1B2U_A_D,1B2S_A_D,1B3S_A_D,1X1W_A_D,1X1X_A_D;7E-09;7E-09;6E-14;6E-14;8507637;Barnase;Barstar;298;;;;;;;;;;;;;;IAFL;1
1BRS_A_D;HA102L;HA100L;COR;;1BRS_A_D,1B2U_A_D,1B2S_A_D,1B3S_A_D,1X1W_A_D,1X1X_A_D;2.5E-08;2.5E-08;6E-14;6E-14;8507637;Barnase;Barstar;298;;;;;;;;;;;;;;IAFL;1
1BRS_A_D;HA102Q,RA59K;HA100Q,RA57K;COR,COR;;1BRS_A_D,1B2U_A_D,1B2S_A_D,1B3S_A_D,1X1W_A_D,1X1X_A_D;7E-09;7E-09;6E-14;6E-14;8507637;Barnase;Barstar;298;;;;;;;;;;;;;;IAFL;1
1BRS_A_D;HA102Q,RA59A;HA100Q,RA57A;COR,COR;;1BRS_A_D,1B2U_A_D,1B2S_A_D,1B3S_A_D,1X1W_A_D,1X1X_A_D;4E-07;4E-07;6E-14;6E-14;8507637;Barnase;Barstar;298;;;;;;;;;;;;;;IAFL;1
1B2U_A_D;AA27K;AA27K;SUP;;1BRS_A_D,1B2U_A_D,1B2S_A_D,1B3S_A_D,1X1W_A_D,1X1X_A_D;2E-11;2E-11;1E-07;1E-07;7739054;Barnase;Barstar;298;1.9E+08;1.9E+08;3.7E+07;3.7E+07;3.8E-03;3.8E-03;3.6E+00;3.6E+00;;;;;Crystal structure is one of the mutants in the paper. This mutant is taken as 'wild-type'.,,;SFFL;1
1B2U_A_D;AD36D;AD36D;COR;;1BRS_A_D,1B2U_A_D,1B2S_A_D,1B3S_A_D,1X1W_A_D,1X1X_A_D;8.8E-11;8.8E-11;1E-07;1E-07;7739054;Barnase;Barstar;298;5.1E+07;5.1E+07;3.7E+07;3.7E+07;4.5E-03;4.5E-03;3.6E+00;3.6E+00;;;;;Crystal structure is one of the mutants in the paper. This mutant is taken as 'wild-type'.,,;SFFL;1
1B2U_A_D;AA27K,AD36D;AA27K,AD36D;SUP,COR;;1BRS_A_D,1B2U_A_D,1B2S_A_D,1B3S_A_D,1X1W_A_D,1X1X_A_D;1E-14;1E-14;1E-07;1E-07;7739054;Barnase;Barstar;298;3.7E+08;3.7E+08;3.7E+07;3.7E+07;3.7E-06;3.7E-06;3.6E+00;3.6E+00;;;;;Crystal structure is one of the mutants in the paper. This mutant is taken as 'wild-type'.,,;SFFL;1
1B2S_A_D;AA27K;AA27K;SUP;;1BRS_A_D,1B2U_A_D,1B2S_A_D,1B3S_A_D,1X1W_A_D,1X1X_A_D;2.3E-13;2.3E-13;1.57E-10;1.57E-10;7739054;Barnase;Barstar;298;3.2E+08;3.2E+08;4.3E+07;4.3E+07;7.2E-05;7.2E-05;6.8E-03;6.8E-03;;;;;Crystal structure is one of the mutants in the paper. This mutant is taken as 'wild-type'.,,;SFFL;1
1B2S_A_D;AD43T;AD43T;RIM;;1BRS_A_D,1B2U_A_D,1B2S_A_D,1B3S_A_D,1X1W_A_D,1X1X_A_D;8.8E-11;8.8E-11;1.57E-10;1.57E-10;7739054;Barnase;Barstar;298;5.1E+07;5.1E+07;4.3E+07;4.3E+07;4.5E-03;4.5E-03;6.8E-03;6.8E-03;;;;;Crystal structure is one of the mutants in the paper. This mutant is taken as 'wild-type'.,,;SFFL;1
1B2S_A_D;AA27K,AD43T;AA27K,AD43T;SUP,RIM;;1BRS_A_D,1B2U_A_D,1B2S_A_D,1B3S_A_D,1X1W_A_D,1X1X_A_D;1E-14;1E-14;1.57E-10;1.57E-10;7739054;Barnase;Barstar;298;3.7E+08;3.7E+08;4.3E+07;4.3E+07;3.7E-06;3.7E-06;6.8E-03;6.8E-03;;;;;Crystal structure is one of the mutants in the paper. This mutant is taken as 'wild-type'.,,;SFFL;1
1B3S_A_D;AA102H;AA102H;COR;;1BRS_A_D,1B2U_A_D,1B2S_A_D,1B3S_A_D,1X1W_A_D,1X1X_A_D;8E-15;8E-15;1.17E-10;1.17E-10;7739054;Barnase;Barstar;298;3E+08;3E+08;3.9E+08;3.9E+08;2.4E-06;2.4E-06;4.5E-02;4.5E-02;;;;;Crystal structure is one of the mutants in the paper. This mutant is taken as 'wild-type'.,,;SFFL;1
1B3S_A_D;FD30Y;FD30Y;RIM;;1BRS_A_D,1B2U_A_D,1B2S_A_D,1B3S_A_D,1X1W_A_D,1X1X_A_D;3.2E-10;3.2E-10;1.17E-10;1.17E-10;7739054;Barnase;Barstar;298;4E+08;4E+08;3.9E+08;3.9E+08;1.29E-01;1.29E-01;4.5E-02;4.5E-02;;;;;Crystal structure is one of the mutants in the paper. This mutant is taken as 'wild-type'.,,;SFFL;1
1B3S_A_D;AA102H,FD30Y;AA102H,FD30Y;COR,RIM;;1BRS_A_D,1B2U_A_D,1B2S_A_D,1B3S_A_D,1X1W_A_D,1X1X_A_D;1E-14;1E-14;1.17E-10;1.17E-10;7739054;Barnase;Barstar;298;3.7E+08;3.7E+08;3.9E+08;3.9E+08;3.7E-06;3.7E-06;4.5E-02;4.5E-02;;;;;Crystal structure is one of the mutants in the paper. This mutant is taken as 'wild-type'.,,;SFFL;1
1BRS_A_D;DD35A;DD35A;COR;;1BRS_A_D,1B2U_A_D,1B2S_A_D,1B3S_A_D,1X1W_A_D,1X1X_A_D;1.27E-07;1.27E-07;1.32E-10;1.32E-10;Water-mediated interaction at a protein-protein interface, Chemical Physics, Volume 307, Issues 2-3, 2004;Barnase;Barstar;298;2.14E+05;2.14E+05;8.74E+05;8.74E+05;2.73E-02;2.73E-02;1.15E-04;1.15E-04;;;;;;SPR;1
1BRS_A_D;DD39A;DD39A;COR;;1BRS_A_D,1B2U_A_D,1B2S_A_D,1B3S_A_D,1X1W_A_D,1X1X_A_D;2.96E-06;2.96E-06;1.32E-10;1.32E-10;Water-mediated interaction at a protein-protein interface, Chemical Physics, Volume 307, Issues 2-3, 2004;Barnase;Barstar;298;1.55E+05;1.55E+05;8.74E+05;8.74E+05;4.57E-01;4.57E-01;1.15E-04;1.15E-04;;;;;;SPR;1
1BRS_A_D;ED76A;ED74A;RIM;;1BRS_A_D,1B2U_A_D,1B2S_A_D,1B3S_A_D,1X1W_A_D,1X1X_A_D;5.3E-10;5.3E-10;1.32E-10;1.32E-10;Water-mediated interaction at a protein-protein interface, Chemical Physics, Volume 307, Issues 2-3, 2004;Barnase;Barstar;298;8.97E+05;8.97E+05;8.74E+05;8.74E+05;4.75E-04;4.75E-04;1.15E-04;1.15E-04;;;;;;SPR;1
1BRS_A_D;ED80A;ED78A;SUR;;1BRS_A_D,1B2U_A_D,1B2S_A_D,1B3S_A_D,1X1W_A_D,1X1X_A_D;2.64E-10;2.64E-10;1.32E-10;1.32E-10;Water-mediated interaction at a protein-protein interface, Chemical Physics, Volume 307, Issues 2-3, 2004;Barnase;Barstar;298;8.62E+05;8.62E+05;8.74E+05;8.74E+05;2.28E-04;2.28E-04;1.15E-04;1.15E-04;;;;;;SPR;1
1X1W_A_D;AD80E;AD81E;SUR;;1BRS_A_D,1B2U_A_D,1B2S_A_D,1B3S_A_D,1X1W_A_D,1X1X_A_D;1.32E-10;1.32E-10;2.64E-10;2.64E-10;Water-mediated interaction at a protein-protein interface, Chemical Physics, Volume 307, Issues 2-3, 2004;Barnase;Barstar;298;8.74E+05;8.74E+05;8.62E+05;8.62E+05;1.15E-04;1.15E-04;2.28E-04;2.28E-04;;;;;Crystal structure is one of the mutants in the paper. This mutant is taken as 'wild-type',,;SPR;1
1X1X_A_D;AD76E;AD76E;SUP;;1BRS_A_D,1B2U_A_D,1B2S_A_D,1B3S_A_D,1X1W_A_D,1X1X_A_D;1.32E-10;1.32E-10;5.3E-10;5.3E-10;Water-mediated interaction at a protein-protein interface, Chemical Physics, Volume 307, Issues 2-3, 2004;Barnase;Barstar;298;8.74E+05;8.74E+05;8.97E+05;8.97E+05;1.15E-04;1.15E-04;4.75E-04;4.75E-04;;;;;Crystal structure is one of the mutants in the paper. This mutant is taken as 'wild-type',,;SPR;1
1BRS_A_D;KA27A;KA25A;COR;;1BRS_A_D,1B2U_A_D,1B2S_A_D,1B3S_A_D,1X1W_A_D,1X1X_A_D;1.2E-10;1.2E-10;1.3E-14;1.3E-14;8494892;Barnase;Barstar;298;5.5E+07;5.5E+07;6E+08;6E+08;6.6E-03;6.6E-03;8E-06;8E-06;;;;;;SFFL;1
1BRS_A_D;WA35F;WA33F;SUP;;1BRS_A_D,1B2U_A_D,1B2S_A_D,1B3S_A_D,1X1W_A_D,1X1X_A_D;1.4E-13;1.4E-13;1.3E-14;1.3E-14;8494892;Barnase;Barstar;298;5.6E+08;5.6E+08;6E+08;6E+08;8E-05;8E-05;8E-06;8E-06;;;;;;SFFL;1
1BRS_A_D;DA54A;DA52A;INT;;1BRS_A_D,1B2U_A_D,1B2S_A_D,1B3S_A_D,1X1W_A_D,1X1X_A_D;2.9E-15;2.9E-15;1.3E-14;1.3E-14;8494892;Barnase;Barstar;298;1.8E+09;1.8E+09;6E+08;6E+08;5.3E-06;5.3E-06;8E-06;8E-06;;;;;;SFFL;1
1BRS_A_D;NA58A;NA56A;SUP;;1BRS_A_D,1B2U_A_D,1B2S_A_D,1B3S_A_D,1X1W_A_D,1X1X_A_D;2.3E-12;2.3E-12;1.3E-14;1.3E-14;8494892;Barnase;Barstar;298;2.8E+08;2.8E+08;6E+08;6E+08;6.4E-04;6.4E-04;8E-06;8E-06;;;;;;SFFL;1
1BRS_A_D;RA59A;RA57A;COR;;1BRS_A_D,1B2U_A_D,1B2S_A_D,1B3S_A_D,1X1W_A_D,1X1X_A_D;8.2E-11;8.2E-11;1.3E-14;1.3E-14;8494892;Barnase;Barstar;298;4.5E+07;4.5E+07;6E+08;6E+08;3.7E-03;3.7E-03;8E-06;8E-06;;;;;;SFFL;1
1BRS_A_D;EA60A;EA58A;RIM;;1BRS_A_D,1B2U_A_D,1B2S_A_D,1B3S_A_D,1X1W_A_D,1X1X_A_D;7.5E-15;7.5E-15;1.3E-14;1.3E-14;8494892;Barnase;Barstar;298;4.5E+09;4.5E+09;6E+08;6E+08;3.4E-05;3.4E-05;8E-06;8E-06;;;;;;SFFL;1
1BRS_A_D;EA73A;EA71A;SUP;;1BRS_A_D,1B2U_A_D,1B2S_A_D,1B3S_A_D,1X1W_A_D,1X1X_A_D;3.2E-13;3.2E-13;1.3E-14;1.3E-14;8494892;Barnase;Barstar;298;2.3E+09;2.3E+09;6E+08;6E+08;7.4E-04;7.4E-04;8E-06;8E-06;;;;;;SFFL;1
1BRS_A_D;RA87A;RA85A;SUP;;1BRS_A_D,1B2U_A_D,1B2S_A_D,1B3S_A_D,1X1W_A_D,1X1X_A_D;3E-10;3E-10;1.3E-14;1.3E-14;8494892;Barnase;Barstar;298;2.3E+08;2.3E+08;6E+08;6E+08;6.7E-02;6.7E-02;8E-06;8E-06;;;;;;SFFL;1
1BRS_A_D;HA102A;HA100A;COR;;1BRS_A_D,1B2U_A_D,1B2S_A_D,1B3S_A_D,1X1W_A_D,1X1X_A_D;5E-10;5E-10;1.3E-14;1.3E-14;8494892;Barnase;Barstar;298;4.4E+08;4.4E+08;6E+08;6E+08;2.2E-01;2.2E-01;8E-06;8E-06;;;;;;SFFL;1
1BRS_A_D;KA27A;KA25A;COR;;1BRS_A_D,1B2U_A_D,1B2S_A_D,1B3S_A_D,1X1W_A_D,1X1X_A_D;3E-10;3E-10;1.3E-13;1.3E-13;8494892;Barnase;Barstar;298;2E+07;2E+07;1.2E+08;1.2E+08;6.1E-03;6.1E-03;1.5E-05;1.5E-05;;;;;1mM NaCl,,;SFFL;1
1BRS_A_D;WA35F;WA33F;SUP;;1BRS_A_D,1B2U_A_D,1B2S_A_D,1B3S_A_D,1X1W_A_D,1X1X_A_D;8.5E-13;8.5E-13;1.3E-13;1.3E-13;8494892;Barnase;Barstar;298;1.1E+08;1.1E+08;1.2E+08;1.2E+08;9.6E-05;9.6E-05;1.5E-05;1.5E-05;;;;;1mM NaCl,,;SFFL;1
1BRS_A_D;DA54A;DA52A;INT;;1BRS_A_D,1B2U_A_D,1B2S_A_D,1B3S_A_D,1X1W_A_D,1X1X_A_D;9.8E-14;9.8E-14;1.3E-13;1.3E-13;8494892;Barnase;Barstar;298;1.8E+08;1.8E+08;1.2E+08;1.2E+08;1.8E-05;1.8E-05;1.5E-05;1.5E-05;;;;;1mM NaCl,,;SFFL;1
1BRS_A_D;NA58A;NA56A;SUP;;1BRS_A_D,1B2U_A_D,1B2S_A_D,1B3S_A_D,1X1W_A_D,1X1X_A_D;2.5E-11;2.5E-11;1.3E-13;1.3E-13;8494892;Barnase;Barstar;298;3.6E+07;3.6E+07;1.2E+08;1.2E+08;9.1E-04;9.1E-04;1.5E-05;1.5E-05;;;;;1mM NaCl,,;SFFL;1
1BRS_A_D;RA59A;RA57A;COR;;1BRS_A_D,1B2U_A_D,1B2S_A_D,1B3S_A_D,1X1W_A_D,1X1X_A_D;5E-10;5E-10;1.3E-13;1.3E-13;8494892;Barnase;Barstar;298;1.3E+07;1.3E+07;1.2E+08;1.2E+08;6.5E-03;6.5E-03;1.5E-05;1.5E-05;;;;;1mM NaCl,,;SFFL;1
1BRS_A_D;EA60A;EA58A;RIM;;1BRS_A_D,1B2U_A_D,1B2S_A_D,1B3S_A_D,1X1W_A_D,1X1X_A_D;3.1E-13;3.1E-13;1.3E-13;1.3E-13;8494892;Barnase;Barstar;298;4.2E+08;4.2E+08;1.2E+08;1.2E+08;1.3E-04;1.3E-04;1.5E-05;1.5E-05;;;;;1mM NaCl,,;SFFL;1
1BRS_A_D;EA73A;EA71A;SUP;;1BRS_A_D,1B2U_A_D,1B2S_A_D,1B3S_A_D,1X1W_A_D,1X1X_A_D;1.5E-11;1.5E-11;1.3E-13;1.3E-13;8494892;Barnase;Barstar;298;1.8E+08;1.8E+08;1.2E+08;1.2E+08;2.6E-03;2.6E-03;1.5E-05;1.5E-05;;;;;1mM NaCl,,;SFFL;1
1BRS_A_D;HA102A;HA100A;COR;;1BRS_A_D,1B2U_A_D,1B2S_A_D,1B3S_A_D,1X1W_A_D,1X1X_A_D;3.7E-09;3.7E-09;1.3E-13;1.3E-13;8494892;Barnase;Barstar;298;9.4E+07;9.4E+07;1.2E+08;1.2E+08;3.5E-01;3.5E-01;1.5E-05;1.5E-05;;;;;1mM NaCl,,;SFFL;1
