ENSP00000229270	TPI1	DOID:10718	Giardiasis	6.792	3.396	https://diseases.jensenlab.org/Entity?documents=10&type1=9606&id1=ENSP00000229270&type2=-26&id2=DOID:10718
ENSP00000229270	TPI1	DOID:0050884	Triosephosphate isomerase deficiency	5.865	2.932	https://diseases.jensenlab.org/Entity?documents=10&type1=9606&id1=ENSP00000229270&type2=-26&id2=DOID:0050884
ENSP00000229270	TPI1	DOID:1733	Cryptosporidiosis	4.909	2.455	https://diseases.jensenlab.org/Entity?documents=10&type1=9606&id1=ENSP00000229270&type2=-26&id2=DOID:1733
ENSP00000229270	TPI1	DOID:13250	Diarrhea	4.905	2.453	https://diseases.jensenlab.org/Entity?documents=10&type1=9606&id1=ENSP00000229270&type2=-26&id2=DOID:13250
ENSP00000229270	TPI1	DOID:162	Cancer	4.873	2.436	https://diseases.jensenlab.org/Entity?documents=10&type1=9606&id1=ENSP00000229270&type2=-26&id2=DOID:162
ENSP00000229270	TPI1	DOID:14115	Toxic shock syndrome	4.419	2.210	https://diseases.jensenlab.org/Entity?documents=10&type1=9606&id1=ENSP00000229270&type2=-26&id2=DOID:14115
ENSP00000229270	TPI1	DOID:850	Lung disease	4.324	2.162	https://diseases.jensenlab.org/Entity?documents=10&type1=9606&id1=ENSP00000229270&type2=-26&id2=DOID:850
ENSP00000229270	TPI1	DOID:4271	Microsporidiosis	4.309	2.154	https://diseases.jensenlab.org/Entity?documents=10&type1=9606&id1=ENSP00000229270&type2=-26&id2=DOID:4271
ENSP00000229270	TPI1	DOID:9351	Diabetes mellitus	4.144	2.072	https://diseases.jensenlab.org/Entity?documents=10&type1=9606&id1=ENSP00000229270&type2=-26&id2=DOID:9351
ENSP00000229270	TPI1	DOID:409	Liver disease	4.143	2.071	https://diseases.jensenlab.org/Entity?documents=10&type1=9606&id1=ENSP00000229270&type2=-26&id2=DOID:409
ENSP00000229270	TPI1	DOID:96	Staphyloenterotoxemia	4.139	2.069	https://diseases.jensenlab.org/Entity?documents=10&type1=9606&id1=ENSP00000229270&type2=-26&id2=DOID:96
ENSP00000229270	TPI1	DOID:1289	Neurodegenerative disease	4.126	2.063	https://diseases.jensenlab.org/Entity?documents=10&type1=9606&id1=ENSP00000229270&type2=-26&id2=DOID:1289
ENSP00000229270	TPI1	DOID:1395	Schistosomiasis	4.124	2.062	https://diseases.jensenlab.org/Entity?documents=10&type1=9606&id1=ENSP00000229270&type2=-26&id2=DOID:1395
ENSP00000229270	TPI1	DOID:10314	Endocarditis	4.070	2.035	https://diseases.jensenlab.org/Entity?documents=10&type1=9606&id1=ENSP00000229270&type2=-26&id2=DOID:10314
ENSP00000229270	TPI1	DOID:1770	Toxic megacolon	3.949	1.975	https://diseases.jensenlab.org/Entity?documents=10&type1=9606&id1=ENSP00000229270&type2=-26&id2=DOID:1770
ENSP00000229270	TPI1	DOID:65	Connective tissue disease	3.919	1.959	https://diseases.jensenlab.org/Entity?documents=10&type1=9606&id1=ENSP00000229270&type2=-26&id2=DOID:65
ENSP00000229270	TPI1	DOID:178	Vascular disease	3.918	1.959	https://diseases.jensenlab.org/Entity?documents=10&type1=9606&id1=ENSP00000229270&type2=-26&id2=DOID:178
ENSP00000229270	TPI1	DOID:2355	Anemia	3.917	1.959	https://diseases.jensenlab.org/Entity?documents=10&type1=9606&id1=ENSP00000229270&type2=-26&id2=DOID:2355
ENSP00000229270	TPI1	DOID:12140	Chagas disease	3.819	1.910	https://diseases.jensenlab.org/Entity?documents=10&type1=9606&id1=ENSP00000229270&type2=-26&id2=DOID:12140
ENSP00000229270	TPI1	DOID:936	Brain disease	3.810	1.905	https://diseases.jensenlab.org/Entity?documents=10&type1=9606&id1=ENSP00000229270&type2=-26&id2=DOID:936
ENSP00000229270	TPI1	DOID:9065	Leishmaniasis	3.761	1.881	https://diseases.jensenlab.org/Entity?documents=10&type1=9606&id1=ENSP00000229270&type2=-26&id2=DOID:9065
ENSP00000229270	TPI1	DOID:10690	Mastitis	3.751	1.875	https://diseases.jensenlab.org/Entity?documents=10&type1=9606&id1=ENSP00000229270&type2=-26&id2=DOID:10690
ENSP00000229270	TPI1	DOID:12365	Malaria	3.673	1.836	https://diseases.jensenlab.org/Entity?documents=10&type1=9606&id1=ENSP00000229270&type2=-26&id2=DOID:12365
ENSP00000229270	TPI1	DOID:37	Skin disease	3.644	1.822	https://diseases.jensenlab.org/Entity?documents=10&type1=9606&id1=ENSP00000229270&type2=-26&id2=DOID:37
ENSP00000229270	TPI1	DOID:417	Autoimmune disease	3.627	1.813	https://diseases.jensenlab.org/Entity?documents=10&type1=9606&id1=ENSP00000229270&type2=-26&id2=DOID:417
ENSP00000229270	TPI1	DOID:557	Kidney disease	3.590	1.795	https://diseases.jensenlab.org/Entity?documents=10&type1=9606&id1=ENSP00000229270&type2=-26&id2=DOID:557
ENSP00000229270	TPI1	DOID:26	Pancreas disease	3.582	1.791	https://diseases.jensenlab.org/Entity?documents=10&type1=9606&id1=ENSP00000229270&type2=-26&id2=DOID:26
ENSP00000229270	TPI1	DOID:75	Lymphatic system disease	3.521	1.761	https://diseases.jensenlab.org/Entity?documents=10&type1=9606&id1=ENSP00000229270&type2=-26&id2=DOID:75
ENSP00000229270	TPI1	DOID:10112	Sleeping sickness	3.442	1.721	https://diseases.jensenlab.org/Entity?documents=10&type1=9606&id1=ENSP00000229270&type2=-26&id2=DOID:10112
ENSP00000229270	TPI1	DOID:9970	Obesity	3.441	1.720	https://diseases.jensenlab.org/Entity?documents=10&type1=9606&id1=ENSP00000229270&type2=-26&id2=DOID:9970
ENSP00000229270	TPI1	DOID:5614	Eye disease	3.439	1.719	https://diseases.jensenlab.org/Entity?documents=10&type1=9606&id1=ENSP00000229270&type2=-26&id2=DOID:5614
ENSP00000229270	TPI1	DOID:12662	Paracoccidioidomycosis	3.401	1.700	https://diseases.jensenlab.org/Entity?documents=10&type1=9606&id1=ENSP00000229270&type2=-26&id2=DOID:12662
ENSP00000229270	TPI1	DOID:0060180	Colitis	3.381	1.691	https://diseases.jensenlab.org/Entity?documents=10&type1=9606&id1=ENSP00000229270&type2=-26&id2=DOID:0060180
ENSP00000229270	TPI1	DOID:47	Prostate disease	3.369	1.685	https://diseases.jensenlab.org/Entity?documents=10&type1=9606&id1=ENSP00000229270&type2=-26&id2=DOID:47
ENSP00000229270	TPI1	DOID:76	Stomach disease	3.343	1.672	https://diseases.jensenlab.org/Entity?documents=10&type1=9606&id1=ENSP00000229270&type2=-26&id2=DOID:76
ENSP00000229270	TPI1	DOID:1100	Ovarian disease	3.320	1.660	https://diseases.jensenlab.org/Entity?documents=10&type1=9606&id1=ENSP00000229270&type2=-26&id2=DOID:1100
ENSP00000229270	TPI1	DOID:1596	Depressive disorder	3.186	1.593	https://diseases.jensenlab.org/Entity?documents=10&type1=9606&id1=ENSP00000229270&type2=-26&id2=DOID:1596
ENSP00000229270	TPI1	DOID:423	Myopathy	3.166	1.583	https://diseases.jensenlab.org/Entity?documents=10&type1=9606&id1=ENSP00000229270&type2=-26&id2=DOID:423
ENSP00000229270	TPI1	DOID:4195	Hyperglycemia	3.163	1.581	https://diseases.jensenlab.org/Entity?documents=10&type1=9606&id1=ENSP00000229270&type2=-26&id2=DOID:4195
ENSP00000229270	TPI1	DOID:12750	Cyclosporiasis	3.162	1.581	https://diseases.jensenlab.org/Entity?documents=10&type1=9606&id1=ENSP00000229270&type2=-26&id2=DOID:12750
ENSP00000229270	TPI1	DOID:403	Mouth disease	3.068	1.534	https://diseases.jensenlab.org/Entity?documents=10&type1=9606&id1=ENSP00000229270&type2=-26&id2=DOID:403
ENSP00000229270	TPI1	DOID:1307	Dementia	3.020	1.510	https://diseases.jensenlab.org/Entity?documents=10&type1=9606&id1=ENSP00000229270&type2=-26&id2=DOID:1307
